Station id,Baseline Tree depth,Baseline Min samples split,Baseline Min samples leaf,Baseline Feature ratio,Modified Tree depth,Modified Min samples split,Modified Min samples leaf,Modified Feature ratio
1031500,5,2,3,0.5282532043662949,8,3,4,0.5791076592435124
1013500,5,8,3,0.7358192915830861,8,3,4,0.5791076592435124
1030500,5,8,3,0.7358192915830861,8,3,4,0.5791076592435124
1022500,7,5,1,0.6351157813686702,8,3,4,0.5791076592435124
1047000,5,2,3,0.5282532043662949,8,3,4,0.5791076592435124
1054200,5,2,3,0.5282532043662949,8,3,4,0.5791076592435124
1055000,5,8,3,0.7358192915830861,8,3,4,0.5791076592435124
1052500,5,8,3,0.7358192915830861,8,3,4,0.5791076592435124
1057000,5,2,3,0.5282532043662949,8,3,4,0.5791076592435124
1073000,5,8,3,0.7358192915830861,8,3,4,0.5791076592435124
1078000,7,5,1,0.6351157813686702,8,3,4,0.5791076592435124
1134500,7,5,1,0.6351157813686702,8,3,4,0.5791076592435124
1142500,5,2,3,0.5282532043662949,8,3,4,0.5791076592435124
1137500,5,2,3,0.5282532043662949,8,3,4,0.5791076592435124
1139800,5,2,3,0.5282532043662949,8,3,4,0.5791076592435124
1139000,7,5,1,0.6351157813686702,8,3,4,0.5791076592435124
1162500,7,5,1,0.6351157813686702,7,3,2,0.6353094161003328
1144000,5,2,3,0.5282532043662949,8,3,4,0.5791076592435124
1169000,5,2,3,0.5282532043662949,8,3,4,0.5791076592435124
1170100,8,4,4,0.6330242596481994,8,3,4,0.5791076592435124
1181000,5,2,3,0.5282532043662949,8,3,4,0.5791076592435124
1333000,8,4,4,0.6330242596481994,8,3,4,0.5791076592435124
1439500,8,4,4,0.6330242596481994,8,3,4,0.5791076592435124
1440000,7,5,1,0.6351157813686702,7,3,2,0.6353094161003328
1451800,5,2,3,0.5282532043662949,8,3,4,0.5791076592435124
1440400,8,4,4,0.6330242596481994,8,3,4,0.5791076592435124
1484100,8,4,4,0.6330242596481994,5,6,2,0.5060088760622651
1485500,8,4,4,0.6330242596481994,8,3,4,0.5791076592435124
1487000,8,4,4,0.6330242596481994,8,7,2,0.6265998724541788
1486000,8,4,4,0.6330242596481994,8,3,4,0.5791076592435124
1491000,5,2,3,0.5282532043662949,7,3,2,0.6353094161003328
1510000,5,8,3,0.7358192915830861,8,3,4,0.5791076592435124
1532000,7,5,1,0.6351157813686702,8,3,4,0.5791076592435124
1539000,7,5,1,0.6351157813686702,8,3,4,0.5791076592435124
1516500,5,8,3,0.7358192915830861,8,3,4,0.5791076592435124
1542810,8,4,4,0.6330242596481994,7,3,2,0.6353094161003328
1543000,8,4,4,0.6330242596481994,8,3,4,0.5791076592435124
1544500,8,4,4,0.6330242596481994,8,3,4,0.5791076592435124
1543500,8,4,4,0.6330242596481994,8,3,4,0.5791076592435124
1545600,5,2,3,0.5282532043662949,8,3,4,0.5791076592435124
1547700,8,4,4,0.6330242596481994,8,3,4,0.5791076592435124
1549500,8,4,4,0.6330242596481994,8,3,4,0.5791076592435124
1548500,8,4,4,0.6330242596481994,8,3,4,0.5791076592435124
1550000,5,8,3,0.7358192915830861,8,3,4,0.5791076592435124
1552000,8,4,4,0.6330242596481994,8,3,4,0.5791076592435124
1552500,8,4,4,0.6330242596481994,5,6,2,0.5060088760622651
1567500,5,8,3,0.7358192915830861,2,3,4,0.6761429142764176
1557500,8,4,4,0.6330242596481994,8,3,4,0.5791076592435124
1591400,7,5,1,0.6351157813686702,5,6,2,0.5060088760622651
1580000,5,8,3,0.7358192915830861,8,3,4,0.5791076592435124
1568000,5,2,3,0.5282532043662949,8,3,4,0.5791076592435124
1583500,5,8,3,0.7358192915830861,5,6,2,0.5060088760622651
1613050,2,7,3,0.7575793759734148,8,3,4,0.5791076592435124
1620500,5,2,3,0.5282532043662949,3,8,2,0.5835899076556831
1596500,5,8,3,0.7358192915830861,8,3,4,0.5791076592435124
1634500,5,2,3,0.5282532043662949,8,3,4,0.5791076592435124
1638480,2,7,3,0.7575793759734148,2,3,4,0.6761429142764176
1639500,5,2,3,0.5282532043662949,2,3,4,0.6761429142764176
1644000,2,7,3,0.7575793759734148,2,3,4,0.6761429142764176
1658500,5,4,1,0.6931595360241993,2,3,4,0.6761429142764176
1664000,2,7,3,0.7575793759734148,2,3,4,0.6761429142764176
1666500,5,2,3,0.5282532043662949,7,3,2,0.6353094161003328
1669000,5,2,3,0.5282532043662949,5,6,2,0.5060088760622651
1667500,5,8,3,0.7358192915830861,8,3,4,0.5791076592435124
2011400,5,2,3,0.5282532043662949,8,3,4,0.5791076592435124
2011460,5,2,3,0.5282532043662949,8,3,4,0.5791076592435124
2013000,5,8,3,0.7358192915830861,3,8,2,0.5835899076556831
2014000,5,2,3,0.5282532043662949,5,6,2,0.5060088760622651
2015700,5,2,3,0.5282532043662949,8,3,4,0.5791076592435124
2016000,5,8,3,0.7358192915830861,8,3,4,0.5791076592435124
2017500,5,2,3,0.5282532043662949,3,8,2,0.5835899076556831
2018000,5,4,1,0.6931595360241993,8,3,4,0.5791076592435124
2027000,5,2,3,0.5282532043662949,7,3,2,0.6353094161003328
2027500,5,2,3,0.5282532043662949,2,3,4,0.6761429142764176
2038850,2,7,3,0.7575793759734148,2,3,4,0.6761429142764176
2028500,8,4,4,0.6330242596481994,3,8,2,0.5835899076556831
2046000,5,2,3,0.5282532043662949,7,3,2,0.6353094161003328
2051500,5,2,3,0.5282532043662949,7,3,2,0.6353094161003328
2053200,7,5,1,0.6351157813686702,8,3,4,0.5791076592435124
2053800,5,2,3,0.5282532043662949,2,3,4,0.6761429142764176
2055100,5,2,3,0.5282532043662949,2,3,4,0.6761429142764176
2064000,2,7,3,0.7575793759734148,2,3,4,0.6761429142764176
2056900,2,7,3,0.7575793759734148,5,6,2,0.5060088760622651
2059500,5,8,3,0.7358192915830861,2,3,4,0.6761429142764176
2065500,5,4,1,0.6931595360241993,8,3,4,0.5791076592435124
2069700,2,7,3,0.7575793759734148,2,3,4,0.6761429142764176
2070000,2,7,3,0.7575793759734148,2,3,4,0.6761429142764176
2074500,5,2,3,0.5282532043662949,2,3,4,0.6761429142764176
2077200,2,7,3,0.7575793759734148,2,3,4,0.6761429142764176
2081500,2,7,3,0.7575793759734148,5,6,2,0.5060088760622651
2082950,7,5,1,0.6351157813686702,8,3,4,0.5791076592435124
2092500,5,2,3,0.5282532043662949,7,3,2,0.6353094161003328
2102908,5,2,3,0.5282532043662949,8,3,4,0.5791076592435124
2108000,7,5,1,0.6351157813686702,7,3,2,0.6353094161003328
2111180,2,7,3,0.7575793759734148,8,3,4,0.5791076592435124
2112120,8,4,4,0.6330242596481994,3,8,2,0.5835899076556831
2112360,8,4,4,0.6330242596481994,8,3,4,0.5791076592435124
2128000,2,7,3,0.7575793759734148,2,3,4,0.6761429142764176
2118500,8,4,4,0.6330242596481994,8,3,4,0.5791076592435124
2143000,5,8,3,0.7358192915830861,8,3,4,0.5791076592435124
2149000,5,2,3,0.5282532043662949,3,8,2,0.5835899076556831
2143040,7,5,1,0.6351157813686702,8,7,2,0.6265998724541788
2152100,5,8,3,0.7358192915830861,8,3,4,0.5791076592435124
2177000,8,4,4,0.6330242596481994,8,3,4,0.5791076592435124
2202600,5,4,1,0.6931595360241993,5,6,2,0.5060088760622651
2212600,5,2,3,0.5282532043662949,8,3,4,0.5791076592435124
2221525,8,4,4,0.6330242596481994,7,3,2,0.6353094161003328
2231000,5,8,3,0.7358192915830861,5,6,2,0.5060088760622651
2231342,7,5,1,0.6351157813686702,7,3,2,0.6353094161003328
2245500,5,8,3,0.7358192915830861,8,3,4,0.5791076592435124
2246000,7,5,1,0.6351157813686702,7,3,2,0.6353094161003328
2296500,7,5,1,0.6351157813686702,8,3,4,0.5791076592435124
2297155,5,8,3,0.7358192915830861,8,3,4,0.5791076592435124
2297310,7,5,1,0.6351157813686702,8,3,4,0.5791076592435124
2298123,7,5,1,0.6351157813686702,8,3,4,0.5791076592435124
2298608,8,4,4,0.6330242596481994,8,3,4,0.5791076592435124
2299950,5,8,3,0.7358192915830861,5,6,2,0.5060088760622651
2300700,5,4,1,0.6931595360241993,7,3,2,0.6353094161003328
2312200,7,5,1,0.6351157813686702,7,3,2,0.6353094161003328
2314500,8,4,4,0.6330242596481994,8,3,4,0.5791076592435124
2315500,8,4,4,0.6330242596481994,7,3,2,0.6353094161003328
2324400,8,4,4,0.6330242596481994,8,3,4,0.5791076592435124
2327100,8,4,4,0.6330242596481994,8,3,4,0.5791076592435124
2349900,5,2,3,0.5282532043662949,7,3,2,0.6353094161003328
2361000,8,4,4,0.6330242596481994,7,3,2,0.6353094161003328
2369800,5,2,3,0.5282532043662949,7,3,2,0.6353094161003328
2371500,7,5,1,0.6351157813686702,8,3,4,0.5791076592435124
2372250,5,2,3,0.5282532043662949,5,6,2,0.5060088760622651
2374500,7,5,1,0.6351157813686702,8,3,4,0.5791076592435124
2381600,5,4,1,0.6931595360241993,5,6,2,0.5060088760622651
2422500,8,4,4,0.6330242596481994,8,3,4,0.5791076592435124
2450250,2,7,3,0.7575793759734148,2,3,4,0.6761429142764176
2430085,5,2,3,0.5282532043662949,8,3,4,0.5791076592435124
2464000,5,2,3,0.5282532043662949,8,3,4,0.5791076592435124
2465493,5,2,3,0.5282532043662949,8,7,2,0.6265998724541788
2469800,8,4,4,0.6330242596481994,7,3,2,0.6353094161003328
2472000,8,4,4,0.6330242596481994,8,3,4,0.5791076592435124
2472500,5,8,3,0.7358192915830861,5,6,2,0.5060088760622651
2479155,5,2,3,0.5282532043662949,7,3,2,0.6353094161003328
2479300,5,8,3,0.7358192915830861,8,3,4,0.5791076592435124
2481000,7,5,1,0.6351157813686702,8,3,4,0.5791076592435124
2479560,8,4,4,0.6330242596481994,8,3,4,0.5791076592435124
2481510,8,4,4,0.6330242596481994,7,3,2,0.6353094161003328
3010655,7,5,1,0.6351157813686702,8,3,4,0.5791076592435124
3011800,5,8,3,0.7358192915830861,8,3,4,0.5791076592435124
3015500,7,5,1,0.6351157813686702,8,3,4,0.5791076592435124
3021350,5,4,1,0.6931595360241993,8,3,4,0.5791076592435124
3026500,5,2,3,0.5282532043662949,5,6,2,0.5060088760622651
3028000,5,4,1,0.6931595360241993,7,3,2,0.6353094161003328
3049000,5,8,3,0.7358192915830861,8,3,4,0.5791076592435124
3049800,5,8,3,0.7358192915830861,8,3,4,0.5791076592435124
3076600,5,2,3,0.5282532043662949,8,3,4,0.5791076592435124
3078000,8,4,4,0.6330242596481994,8,3,4,0.5791076592435124
3140000,8,4,4,0.6330242596481994,8,3,4,0.5791076592435124
3144000,8,4,4,0.6330242596481994,8,3,4,0.5791076592435124
3159540,5,8,3,0.7358192915830861,7,3,2,0.6353094161003328
3161000,5,2,3,0.5282532043662949,7,3,2,0.6353094161003328
3164000,5,2,3,0.5282532043662949,8,3,4,0.5791076592435124
3165000,2,7,3,0.7575793759734148,2,3,4,0.6761429142764176
3170000,8,4,4,0.6330242596481994,5,6,2,0.5060088760622651
3173000,5,2,3,0.5282532043662949,5,6,2,0.5060088760622651
3237280,5,2,3,0.5282532043662949,8,3,4,0.5791076592435124
3237500,5,2,3,0.5282532043662949,8,3,4,0.5791076592435124
3241500,8,4,4,0.6330242596481994,8,3,4,0.5791076592435124
3291780,8,4,4,0.6330242596481994,8,3,4,0.5791076592435124
3346000,5,8,3,0.7358192915830861,7,3,2,0.6353094161003328
3384450,5,8,3,0.7358192915830861,8,3,4,0.5791076592435124
3439000,5,8,3,0.7358192915830861,8,3,4,0.5791076592435124
3455500,5,8,3,0.7358192915830861,7,3,2,0.6353094161003328
3456500,7,5,1,0.6351157813686702,8,3,4,0.5791076592435124
3460000,5,2,3,0.5282532043662949,7,3,2,0.6353094161003328
3463300,5,2,3,0.5282532043662949,8,3,4,0.5791076592435124
3471500,5,8,3,0.7358192915830861,5,6,2,0.5060088760622651
3473000,8,4,4,0.6330242596481994,8,3,4,0.5791076592435124
3479000,5,2,3,0.5282532043662949,8,3,4,0.5791076592435124
3488000,5,8,3,0.7358192915830861,8,3,4,0.5791076592435124
3498500,7,5,1,0.6351157813686702,5,6,2,0.5060088760622651
3500240,5,8,3,0.7358192915830861,8,3,4,0.5791076592435124
3500000,7,5,1,0.6351157813686702,8,7,2,0.6265998724541788
3504000,7,5,1,0.6351157813686702,7,3,2,0.6353094161003328
3574500,7,5,1,0.6351157813686702,7,3,2,0.6353094161003328
3604000,5,8,3,0.7358192915830861,2,3,4,0.6761429142764176
4015330,5,8,3,0.7358192915830861,5,6,2,0.5060088760622651
4024430,7,5,1,0.6351157813686702,8,3,4,0.5791076592435124
4027000,8,4,4,0.6330242596481994,8,3,4,0.5791076592435124
4040500,8,4,4,0.6330242596481994,8,3,4,0.5791076592435124
4043050,8,4,4,0.6330242596481994,8,3,4,0.5791076592435124
4045500,7,5,1,0.6351157813686702,8,3,4,0.5791076592435124
4056500,8,4,4,0.6330242596481994,8,3,4,0.5791076592435124
4057510,8,4,4,0.6330242596481994,8,3,4,0.5791076592435124
4057800,8,4,4,0.6330242596481994,8,7,2,0.6265998724541788
4059500,8,4,4,0.6330242596481994,8,3,4,0.5791076592435124
4063700,8,4,4,0.6330242596481994,8,3,4,0.5791076592435124
4105700,7,5,1,0.6351157813686702,7,3,2,0.6353094161003328
4122200,8,4,4,0.6330242596481994,8,3,4,0.5791076592435124
4122500,8,4,4,0.6330242596481994,8,3,4,0.5791076592435124
4124000,8,4,4,0.6330242596481994,8,3,4,0.5791076592435124
4127997,8,4,4,0.6330242596481994,8,3,4,0.5791076592435124
4185000,8,4,4,0.6330242596481994,8,3,4,0.5791076592435124
4196800,8,4,4,0.6330242596481994,7,3,2,0.6353094161003328
4197100,8,4,4,0.6330242596481994,8,3,4,0.5791076592435124
4213000,8,4,4,0.6330242596481994,8,3,4,0.5791076592435124
4216418,5,2,3,0.5282532043662949,8,3,4,0.5791076592435124
4221000,5,2,3,0.5282532043662949,8,3,4,0.5791076592435124
4224775,8,4,4,0.6330242596481994,8,3,4,0.5791076592435124
4256000,8,4,4,0.6330242596481994,8,3,4,0.5791076592435124
4296000,8,4,4,0.6330242596481994,8,3,4,0.5791076592435124
5056000,7,5,1,0.6351157813686702,7,3,2,0.6353094161003328
5057000,7,5,1,0.6351157813686702,7,3,2,0.6353094161003328
5057200,7,5,1,0.6351157813686702,7,3,2,0.6353094161003328
5120500,5,8,3,0.7358192915830861,8,7,2,0.6265998724541788
5123400,8,4,4,0.6330242596481994,8,3,4,0.5791076592435124
5129115,8,4,4,0.6330242596481994,8,3,4,0.5791076592435124
5131500,8,4,4,0.6330242596481994,7,3,2,0.6353094161003328
5291000,8,4,4,0.6330242596481994,8,3,4,0.5791076592435124
5362000,5,3,1,0.5191451768312526,8,3,4,0.5791076592435124
5393500,8,4,4,0.6330242596481994,8,3,4,0.5791076592435124
5399500,5,2,3,0.5282532043662949,5,6,2,0.5060088760622651
5408000,5,2,3,0.5282532043662949,8,7,2,0.6265998724541788
5412500,7,5,1,0.6351157813686702,8,7,2,0.6265998724541788
5413500,8,4,4,0.6330242596481994,8,3,4,0.5791076592435124
5414000,8,4,4,0.6330242596481994,8,7,2,0.6265998724541788
5444000,5,2,3,0.5282532043662949,8,3,4,0.5791076592435124
5454000,5,4,1,0.6931595360241993,3,8,2,0.5835899076556831
5458000,7,5,1,0.6351157813686702,7,3,2,0.6353094161003328
5466500,8,4,4,0.6330242596481994,8,3,4,0.5791076592435124
5487980,5,2,3,0.5282532043662949,8,3,4,0.5791076592435124
5489000,7,5,1,0.6351157813686702,8,3,4,0.5791076592435124
5495000,5,8,3,0.7358192915830861,8,7,2,0.6265998724541788
5495500,5,2,3,0.5282532043662949,3,8,2,0.5835899076556831
5501000,8,4,4,0.6330242596481994,8,3,4,0.5791076592435124
5503800,5,8,3,0.7358192915830861,7,3,2,0.6353094161003328
5507600,7,5,1,0.6351157813686702,8,7,2,0.6265998724541788
5508805,5,8,3,0.7358192915830861,8,3,4,0.5791076592435124
5514500,7,5,1,0.6351157813686702,8,3,4,0.5791076592435124
5525500,7,5,1,0.6351157813686702,8,7,2,0.6265998724541788
5556500,5,4,1,0.6931595360241993,8,7,2,0.6265998724541788
5584500,8,4,4,0.6330242596481994,8,7,2,0.6265998724541788
5585000,8,4,4,0.6330242596481994,7,3,2,0.6353094161003328
5591550,2,7,3,0.7575793759734148,5,6,2,0.5060088760622651
5592050,5,4,1,0.6931595360241993,2,3,4,0.6761429142764176
5593575,8,4,4,0.6330242596481994,8,3,4,0.5791076592435124
5593900,5,2,3,0.5282532043662949,8,3,4,0.5791076592435124
5595730,5,2,3,0.5282532043662949,8,3,4,0.5791076592435124
6191500,8,4,4,0.6330242596481994,8,3,4,0.5791076592435124
6224000,8,4,4,0.6330242596481994,8,7,2,0.6265998724541788
6278300,8,4,4,0.6330242596481994,8,3,4,0.5791076592435124
6280300,8,4,4,0.6330242596481994,8,3,4,0.5791076592435124
6289000,7,5,1,0.6351157813686702,8,3,4,0.5791076592435124
6332515,5,2,3,0.5282532043662949,8,7,2,0.6265998724541788
6311000,8,4,4,0.6330242596481994,8,3,4,0.5791076592435124
6339100,5,8,3,0.7358192915830861,7,3,2,0.6353094161003328
6339500,5,8,3,0.7358192915830861,8,7,2,0.6265998724541788
6344600,5,2,3,0.5282532043662949,2,3,4,0.6761429142764176
6350000,7,5,1,0.6351157813686702,8,7,2,0.6265998724541788
6352000,5,4,1,0.6931595360241993,5,6,2,0.5060088760622651
6353000,5,4,1,0.6931595360241993,7,3,2,0.6353094161003328
6354000,5,8,3,0.7358192915830861,5,6,2,0.5060088760622651
6404000,5,4,1,0.6931595360241993,3,8,2,0.5835899076556831
6360500,5,8,3,0.7358192915830861,7,3,2,0.6353094161003328
6406000,8,4,4,0.6330242596481994,2,3,4,0.6761429142764176
6409000,8,4,4,0.6330242596481994,8,3,4,0.5791076592435124
6431500,7,5,1,0.6351157813686702,7,3,2,0.6353094161003328
6447000,7,5,1,0.6351157813686702,5,6,2,0.5060088760622651
6447500,8,4,4,0.6330242596481994,8,7,2,0.6265998724541788
6450500,5,4,1,0.6931595360241993,3,8,2,0.5835899076556831
6452000,5,2,3,0.5282532043662949,7,3,2,0.6353094161003328
6453600,7,5,1,0.6351157813686702,8,3,4,0.5791076592435124
6464500,8,4,4,0.6330242596481994,8,7,2,0.6265998724541788
6468170,5,8,3,0.7358192915830861,7,3,2,0.6353094161003328
6470800,5,8,3,0.7358192915830861,8,7,2,0.6265998724541788
6477500,8,4,4,0.6330242596481994,8,3,4,0.5791076592435124
6479438,5,2,3,0.5282532043662949,7,3,2,0.6353094161003328
6601000,2,7,3,0.7575793759734148,2,3,4,0.6761429142764176
6614800,8,4,4,0.6330242596481994,8,3,4,0.5791076592435124
6622700,8,4,4,0.6330242596481994,7,3,2,0.6353094161003328
6632400,8,4,4,0.6330242596481994,8,3,4,0.5791076592435124
6623800,8,4,4,0.6330242596481994,8,3,4,0.5791076592435124
6784000,5,2,3,0.5282532043662949,8,7,2,0.6265998724541788
6746095,8,4,4,0.6330242596481994,8,3,4,0.5791076592435124
6803510,5,2,3,0.5282532043662949,2,3,4,0.6761429142764176
6803530,5,8,3,0.7358192915830861,2,3,4,0.6761429142764176
6814000,8,4,4,0.6330242596481994,3,8,2,0.5835899076556831
6847900,5,8,3,0.7358192915830861,2,3,4,0.6761429142764176
6853800,5,8,3,0.7358192915830861,3,8,2,0.5835899076556831
6876700,5,2,3,0.5282532043662949,8,3,4,0.5791076592435124
6879650,5,2,3,0.5282532043662949,3,8,2,0.5835899076556831
6878000,5,8,3,0.7358192915830861,5,6,2,0.5060088760622651
6885500,5,2,3,0.5282532043662949,2,3,4,0.6761429142764176
6888500,5,2,3,0.5282532043662949,5,6,2,0.5060088760622651
6889200,5,2,3,0.5282532043662949,2,3,4,0.6761429142764176
6889500,5,8,3,0.7358192915830861,8,3,4,0.5791076592435124
6892000,5,8,3,0.7358192915830861,8,7,2,0.6265998724541788
6903400,8,4,4,0.6330242596481994,8,3,4,0.5791076592435124
6910800,5,2,3,0.5282532043662949,3,8,2,0.5835899076556831
6911900,2,7,3,0.7575793759734148,3,8,2,0.5835899076556831
6917000,2,7,3,0.7575793759734148,8,7,2,0.6265998724541788
6918460,8,4,4,0.6330242596481994,8,3,4,0.5791076592435124
6919500,8,4,4,0.6330242596481994,7,3,2,0.6353094161003328
6921070,5,2,3,0.5282532043662949,8,3,4,0.5791076592435124
6921200,2,7,3,0.7575793759734148,8,3,4,0.5791076592435124
7014500,5,8,3,0.7358192915830861,7,3,2,0.6353094161003328
7056000,8,4,4,0.6330242596481994,8,3,4,0.5791076592435124
7057500,8,4,4,0.6330242596481994,8,7,2,0.6265998724541788
7060710,7,5,1,0.6351157813686702,7,3,2,0.6353094161003328
7066000,5,2,3,0.5282532043662949,8,7,2,0.6265998724541788
7067000,8,4,4,0.6330242596481994,7,3,2,0.6353094161003328
7068000,5,2,3,0.5282532043662949,8,3,4,0.5791076592435124
7071500,5,4,1,0.6931595360241993,7,3,2,0.6353094161003328
7083000,8,4,4,0.6330242596481994,8,3,4,0.5791076592435124
7145700,5,4,1,0.6931595360241993,5,6,2,0.5060088760622651
7142300,5,4,1,0.6931595360241993,8,7,2,0.6265998724541788
7148400,2,7,3,0.7575793759734148,2,3,4,0.6761429142764176
7149000,8,4,4,0.6330242596481994,8,7,2,0.6265998724541788
7167500,2,7,3,0.7575793759734148,3,8,2,0.5835899076556831
7151500,5,4,1,0.6931595360241993,7,3,2,0.6353094161003328
7180500,5,4,1,0.6931595360241993,3,8,2,0.5835899076556831
7184000,5,2,3,0.5282532043662949,7,3,2,0.6353094161003328
7195800,5,2,3,0.5282532043662949,3,8,2,0.5835899076556831
7196900,8,4,4,0.6330242596481994,5,6,2,0.5060088760622651
7197000,2,7,3,0.7575793759734148,2,3,4,0.6761429142764176
7208500,8,4,4,0.6330242596481994,8,3,4,0.5791076592435124
7261000,8,4,4,0.6330242596481994,8,3,4,0.5791076592435124
7291000,5,2,3,0.5282532043662949,3,8,2,0.5835899076556831
7292500,5,2,3,0.5282532043662949,8,3,4,0.5791076592435124
7299670,5,4,1,0.6931595360241993,2,3,4,0.6761429142764176
7301410,5,2,3,0.5282532043662949,5,6,2,0.5060088760622651
7301500,8,4,4,0.6330242596481994,8,3,4,0.5791076592435124
7315200,2,7,3,0.7575793759734148,2,3,4,0.6761429142764176
7315700,8,4,4,0.6330242596481994,8,3,4,0.5791076592435124
7335700,8,4,4,0.6330242596481994,3,8,2,0.5835899076556831
7340300,8,4,4,0.6330242596481994,8,3,4,0.5791076592435124
7346045,8,4,4,0.6330242596481994,5,6,2,0.5060088760622651
7373000,2,7,3,0.7575793759734148,3,8,2,0.5835899076556831
7362100,8,4,4,0.6330242596481994,7,3,2,0.6353094161003328
7375000,5,8,3,0.7358192915830861,3,8,2,0.5835899076556831
8013000,8,4,4,0.6330242596481994,8,3,4,0.5791076592435124
8014500,5,2,3,0.5282532043662949,8,7,2,0.6265998724541788
8023080,5,4,1,0.6931595360241993,8,7,2,0.6265998724541788
8029500,7,5,1,0.6351157813686702,7,3,2,0.6353094161003328
8066200,2,7,3,0.7575793759734148,3,8,2,0.5835899076556831
8066300,5,8,3,0.7358192915830861,3,8,2,0.5835899076556831
8070000,5,8,3,0.7358192915830861,7,3,2,0.6353094161003328
8079600,2,7,3,0.7575793759734148,3,8,2,0.5835899076556831
8082700,7,5,1,0.6351157813686702,7,3,2,0.6353094161003328
8086212,8,4,4,0.6330242596481994,5,6,2,0.5060088760622651
8086290,8,4,4,0.6330242596481994,8,3,4,0.5791076592435124
8101000,5,8,3,0.7358192915830861,3,8,2,0.5835899076556831
8103900,8,4,4,0.6330242596481994,8,3,4,0.5791076592435124
8104900,5,2,3,0.5282532043662949,3,8,2,0.5835899076556831
8150800,2,7,3,0.7575793759734148,2,3,4,0.6761429142764176
8109700,5,8,3,0.7358192915830861,7,3,2,0.6353094161003328
8158700,5,2,3,0.5282532043662949,8,3,4,0.5791076592435124
8158810,7,5,1,0.6351157813686702,5,6,2,0.5060088760622651
8164000,7,5,1,0.6351157813686702,8,7,2,0.6265998724541788
8164300,5,2,3,0.5282532043662949,8,3,4,0.5791076592435124
8164600,5,2,3,0.5282532043662949,8,7,2,0.6265998724541788
8165300,2,7,3,0.7575793759734148,2,3,4,0.6761429142764176
8175000,5,2,3,0.5282532043662949,5,6,2,0.5060088760622651
8171300,5,8,3,0.7358192915830861,8,7,2,0.6265998724541788
8189500,7,5,1,0.6351157813686702,7,3,2,0.6353094161003328
8190000,2,7,3,0.7575793759734148,2,3,4,0.6761429142764176
8190500,8,4,4,0.6330242596481994,2,3,4,0.6761429142764176
8194200,5,8,3,0.7358192915830861,8,3,4,0.5791076592435124
8195000,2,7,3,0.7575793759734148,2,3,4,0.6761429142764176
8196000,2,7,3,0.7575793759734148,3,8,2,0.5835899076556831
8198500,2,7,3,0.7575793759734148,3,8,2,0.5835899076556831
8202700,2,7,3,0.7575793759734148,2,3,4,0.6761429142764176
8200000,8,4,4,0.6330242596481994,5,6,2,0.5060088760622651
8267500,7,5,1,0.6351157813686702,8,7,2,0.6265998724541788
8269000,7,5,1,0.6351157813686702,8,3,4,0.5791076592435124
8271000,8,4,4,0.6330242596481994,8,3,4,0.5791076592435124
8324000,8,4,4,0.6330242596481994,8,3,4,0.5791076592435124
8377900,8,4,4,0.6330242596481994,8,7,2,0.6265998724541788
8378500,8,4,4,0.6330242596481994,8,3,4,0.5791076592435124
8380500,8,4,4,0.6330242596481994,7,3,2,0.6353094161003328
9034900,8,4,4,0.6330242596481994,8,7,2,0.6265998724541788
9035900,8,4,4,0.6330242596481994,8,3,4,0.5791076592435124
9047700,8,4,4,0.6330242596481994,8,3,4,0.5791076592435124
9065500,8,4,4,0.6330242596481994,8,3,4,0.5791076592435124
9066000,8,4,4,0.6330242596481994,7,3,2,0.6353094161003328
9066200,8,4,4,0.6330242596481994,8,7,2,0.6265998724541788
9081600,8,4,4,0.6330242596481994,8,3,4,0.5791076592435124
9066300,7,5,1,0.6351157813686702,8,7,2,0.6265998724541788
9210500,8,4,4,0.6330242596481994,8,3,4,0.5791076592435124
9223000,8,4,4,0.6330242596481994,8,3,4,0.5791076592435124
9306242,7,5,1,0.6351157813686702,8,3,4,0.5791076592435124
9352900,8,4,4,0.6330242596481994,8,7,2,0.6265998724541788
9312600,8,4,4,0.6330242596481994,8,7,2,0.6265998724541788
9378630,8,4,4,0.6330242596481994,5,6,2,0.5060088760622651
9386900,5,2,3,0.5282532043662949,5,6,2,0.5060088760622651
9404450,5,2,3,0.5282532043662949,7,3,2,0.6353094161003328
9430500,7,5,1,0.6351157813686702,7,3,2,0.6353094161003328
9430600,8,4,4,0.6330242596481994,8,3,4,0.5791076592435124
9492400,8,4,4,0.6330242596481994,8,3,4,0.5791076592435124
9494000,8,4,4,0.6330242596481994,8,3,4,0.5791076592435124
9497980,8,4,4,0.6330242596481994,7,3,2,0.6353094161003328
9505350,5,8,3,0.7358192915830861,8,3,4,0.5791076592435124
9505800,5,2,3,0.5282532043662949,8,3,4,0.5791076592435124
9508300,8,4,4,0.6330242596481994,8,3,4,0.5791076592435124
9513780,5,2,3,0.5282532043662949,8,3,4,0.5791076592435124
9510200,7,5,1,0.6351157813686702,8,7,2,0.6265998724541788
10172700,5,2,3,0.5282532043662949,7,3,2,0.6353094161003328
10172800,7,5,1,0.6351157813686702,7,3,2,0.6353094161003328
10173450,7,5,1,0.6351157813686702,8,7,2,0.6265998724541788
10205030,8,4,4,0.6330242596481994,8,7,2,0.6265998724541788
10234500,5,8,3,0.7358192915830861,8,3,4,0.5791076592435124
10242000,7,5,1,0.6351157813686702,8,3,4,0.5791076592435124
10244950,8,4,4,0.6330242596481994,8,3,4,0.5791076592435124
10249300,5,8,3,0.7358192915830861,8,3,4,0.5791076592435124
10258500,5,2,3,0.5282532043662949,3,8,2,0.5835899076556831
10259000,5,4,1,0.6931595360241993,8,7,2,0.6265998724541788
10259200,5,8,3,0.7358192915830861,8,7,2,0.6265998724541788
10263500,7,5,1,0.6351157813686702,8,7,2,0.6265998724541788
10329500,2,7,3,0.7575793759734148,2,3,4,0.6761429142764176
10316500,8,4,4,0.6330242596481994,8,3,4,0.5791076592435124
10336660,5,2,3,0.5282532043662949,8,3,4,0.5791076592435124
10343500,5,8,4,0.6894993197366195,7,3,2,0.6353094161003328
10396000,8,4,4,0.6330242596481994,7,3,2,0.6353094161003328
11098000,5,8,3,0.7358192915830861,8,7,2,0.6265998724541788
11124500,5,2,3,0.5282532043662949,7,3,2,0.6353094161003328
11141280,7,5,1,0.6351157813686702,8,3,4,0.5791076592435124
11148900,5,2,3,0.5282532043662949,5,6,2,0.5060088760622651
11143000,5,8,3,0.7358192915830861,8,3,4,0.5791076592435124
11151300,5,3,1,0.5191451768312526,7,3,2,0.6353094161003328
11162500,8,4,4,0.6330242596481994,8,3,4,0.5791076592435124
11176400,2,7,3,0.7575793759734148,3,8,2,0.5835899076556831
11180500,2,7,3,0.7575793759734148,3,8,2,0.5835899076556831
11180960,2,7,3,0.7575793759734148,3,8,2,0.5835899076556831
11224500,5,3,1,0.5191451768312526,3,8,2,0.5835899076556831
11237500,8,4,4,0.6330242596481994,8,3,4,0.5791076592435124
11230500,8,4,4,0.6330242596481994,8,7,2,0.6265998724541788
11253310,7,5,1,0.6351157813686702,3,8,2,0.5835899076556831
11264500,8,4,4,0.6330242596481994,7,3,2,0.6353094161003328
11274500,5,2,3,0.5282532043662949,3,8,2,0.5835899076556831
11266500,7,5,1,0.6351157813686702,8,3,4,0.5791076592435124
11274630,5,2,3,0.5282532043662949,3,8,2,0.5835899076556831
11284400,5,2,3,0.5282532043662949,8,3,4,0.5791076592435124
11381500,8,4,4,0.6330242596481994,3,8,2,0.5835899076556831
11451100,5,8,3,0.7358192915830861,3,8,2,0.5835899076556831
11383500,8,4,4,0.6330242596481994,8,3,4,0.5791076592435124
11468500,2,7,3,0.7575793759734148,2,3,4,0.6761429142764176
11473900,5,2,3,0.5282532043662949,3,8,2,0.5835899076556831
11476600,5,2,3,0.5282532043662949,3,8,2,0.5835899076556831
11475560,5,8,4,0.6894993197366195,5,6,2,0.5060088760622651
11478500,8,4,4,0.6330242596481994,8,3,4,0.5791076592435124
11481200,5,8,4,0.6894993197366195,8,3,4,0.5791076592435124
11482500,8,4,4,0.6330242596481994,8,3,4,0.5791076592435124
11522500,7,5,1,0.6351157813686702,7,3,2,0.6353094161003328
11523200,8,4,4,0.6330242596481994,7,3,2,0.6353094161003328
11528700,5,4,1,0.6931595360241993,3,8,2,0.5835899076556831
11532500,8,4,4,0.6330242596481994,8,3,4,0.5791076592435124
12010000,8,4,4,0.6330242596481994,8,3,4,0.5791076592435124
12013500,8,4,4,0.6330242596481994,8,3,4,0.5791076592435124
12020000,8,4,4,0.6330242596481994,8,3,4,0.5791076592435124
12025700,7,5,1,0.6351157813686702,7,3,2,0.6353094161003328
12035000,8,4,4,0.6330242596481994,8,3,4,0.5791076592435124
12040500,5,8,3,0.7358192915830861,5,6,2,0.5060088760622651
12041200,8,4,4,0.6330242596481994,8,7,2,0.6265998724541788
12048000,8,4,4,0.6330242596481994,8,3,4,0.5791076592435124
12054000,8,4,4,0.6330242596481994,8,3,4,0.5791076592435124
12073500,5,2,3,0.5282532043662949,3,8,2,0.5835899076556831
12056500,8,4,4,0.6330242596481994,8,7,2,0.6265998724541788
12082500,8,4,4,0.6330242596481994,8,3,4,0.5791076592435124
12092000,8,4,4,0.6330242596481994,7,3,2,0.6353094161003328
12114500,8,4,4,0.6330242596481994,8,3,4,0.5791076592435124
12115000,8,4,4,0.6330242596481994,7,3,2,0.6353094161003328
12115500,5,8,3,0.7358192915830861,7,3,2,0.6353094161003328
12117000,7,5,1,0.6351157813686702,8,3,4,0.5791076592435124
12147500,8,4,4,0.6330242596481994,5,6,2,0.5060088760622651
12145500,8,4,4,0.6330242596481994,8,3,4,0.5791076592435124
12147600,5,4,1,0.6931595360241993,7,3,2,0.6353094161003328
12167000,7,5,1,0.6351157813686702,8,3,4,0.5791076592435124
12178100,8,4,4,0.6330242596481994,8,3,4,0.5791076592435124
12175500,8,4,4,0.6330242596481994,8,7,2,0.6265998724541788
12186000,8,4,4,0.6330242596481994,8,3,4,0.5791076592435124
12189500,8,4,4,0.6330242596481994,8,3,4,0.5791076592435124
12358500,8,4,4,0.6330242596481994,8,3,4,0.5791076592435124
12390700,8,4,4,0.6330242596481994,8,7,2,0.6265998724541788
12411000,8,4,4,0.6330242596481994,8,7,2,0.6265998724541788
12414500,8,4,4,0.6330242596481994,8,3,4,0.5791076592435124
12447390,7,5,1,0.6351157813686702,8,7,2,0.6265998724541788
12451000,8,4,4,0.6330242596481994,8,7,2,0.6265998724541788
13011500,7,5,1,0.6351157813686702,7,3,2,0.6353094161003328
12488500,8,4,4,0.6330242596481994,8,3,4,0.5791076592435124
13011900,8,4,4,0.6330242596481994,8,7,2,0.6265998724541788
13018300,8,4,4,0.6330242596481994,8,3,4,0.5791076592435124
13083000,8,4,4,0.6330242596481994,8,3,4,0.5791076592435124
13023000,8,4,4,0.6330242596481994,8,7,2,0.6265998724541788
13161500,8,4,4,0.6330242596481994,8,3,4,0.5791076592435124
13235000,8,4,4,0.6330242596481994,8,7,2,0.6265998724541788
13240000,8,4,4,0.6330242596481994,8,3,4,0.5791076592435124
13313000,8,4,4,0.6330242596481994,7,3,2,0.6353094161003328
13331500,8,4,4,0.6330242596481994,8,3,4,0.5791076592435124
13337000,8,4,4,0.6330242596481994,8,7,2,0.6265998724541788
13340000,8,4,4,0.6330242596481994,8,3,4,0.5791076592435124
13338500,8,4,4,0.6330242596481994,8,3,4,0.5791076592435124
13340600,8,4,4,0.6330242596481994,8,3,4,0.5791076592435124
14020000,8,4,4,0.6330242596481994,8,7,2,0.6265998724541788
14138800,8,4,4,0.6330242596481994,8,3,4,0.5791076592435124
14137000,8,4,4,0.6330242596481994,8,3,4,0.5791076592435124
14138870,8,4,4,0.6330242596481994,8,3,4,0.5791076592435124
14138900,8,4,4,0.6330242596481994,8,7,2,0.6265998724541788
14139800,8,4,4,0.6330242596481994,8,3,4,0.5791076592435124
14141500,8,4,4,0.6330242596481994,8,3,4,0.5791076592435124
14154500,8,4,4,0.6330242596481994,8,3,4,0.5791076592435124
14158500,8,4,4,0.6330242596481994,8,3,4,0.5791076592435124
14158790,8,4,4,0.6330242596481994,8,7,2,0.6265998724541788
14166500,8,4,4,0.6330242596481994,8,3,4,0.5791076592435124
14182500,8,4,4,0.6330242596481994,8,3,4,0.5791076592435124
14185000,5,2,3,0.5282532043662949,8,7,2,0.6265998724541788
14185900,8,4,4,0.6330242596481994,8,7,2,0.6265998724541788
14222500,8,4,4,0.6330242596481994,8,3,4,0.5791076592435124
14236200,8,4,4,0.6330242596481994,7,3,2,0.6353094161003328
14301000,8,4,4,0.6330242596481994,8,3,4,0.5791076592435124
14305500,8,4,4,0.6330242596481994,5,6,2,0.5060088760622651
14306500,5,2,3,0.5282532043662949,8,3,4,0.5791076592435124
14309500,8,4,4,0.6330242596481994,8,7,2,0.6265998724541788
14316700,8,4,4,0.6330242596481994,8,3,4,0.5791076592435124
14325000,5,8,3,0.7358192915830861,8,3,4,0.5791076592435124
14400000,8,4,4,0.6330242596481994,8,3,4,0.5791076592435124
