Station id,Batch size,Hidden size,Gate regularisation ,Learning rate ,Number of layers,Activation sparsity,Weight sparsity
1013500,32,112,0.000371836,0.000561152,3,0.709908553,0.773036162
1022500,32,112,0.000371836,0.000561152,3,0.709908553,0.773036162
1030500,32,112,0.000371836,0.000561152,3,0.709908553,0.773036162
1031500,32,112,0.000371836,0.000561152,3,0.709908553,0.773036162
1047000,32,112,0.000371836,0.000561152,3,0.709908553,0.773036162
1052500,64,96,0.000104026,0.000521112,2,0.790923123,0.707857296
1054200,64,96,0.000104026,0.000521112,2,0.790923123,0.707857296
1055000,64,96,0.000104026,0.000521112,2,0.790923123,0.707857296
1057000,32,112,0.000371836,0.000561152,3,0.709908553,0.773036162
1073000,32,112,0.000371836,0.000561152,3,0.709908553,0.773036162
1078000,32,112,0.000371836,0.000561152,3,0.709908553,0.773036162
1134500,64,96,0.000104026,0.000521112,2,0.790923123,0.707857296
1137500,256,64,0.00035503,0.000250812,9,0.655456337,0.83667757
1139000,32,112,0.000371836,0.000561152,3,0.709908553,0.773036162
1139800,64,96,0.000104026,0.000521112,2,0.790923123,0.707857296
1142500,32,112,0.000371836,0.000561152,3,0.709908553,0.773036162
1144000,64,96,0.000104026,0.000521112,2,0.790923123,0.707857296
1162500,32,112,0.000371836,0.000561152,3,0.709908553,0.773036162
1169000,64,96,0.000104026,0.000521112,2,0.790923123,0.707857296
1170100,32,112,0.000371836,0.000561152,3,0.709908553,0.773036162
1181000,32,112,0.000371836,0.000561152,3,0.709908553,0.773036162
1333000,32,112,0.000371836,0.000561152,3,0.709908553,0.773036162
1439500,32,112,0.000371836,0.000561152,3,0.709908553,0.773036162
1440000,32,112,0.000371836,0.000561152,3,0.709908553,0.773036162
1440400,32,112,0.000371836,0.000561152,3,0.709908553,0.773036162
1451800,32,112,0.000371836,0.000561152,3,0.709908553,0.773036162
1484100,128,64,0.000105074,0.006533305,7,0.858219175,0.904503691
1485500,32,112,0.000371836,0.000561152,3,0.709908553,0.773036162
1486000,32,112,0.000371836,0.000561152,3,0.709908553,0.773036162
1487000,64,96,0.000104026,0.000521112,2,0.790923123,0.707857296
1491000,32,112,0.000371836,0.000561152,3,0.709908553,0.773036162
1510000,32,112,0.000371836,0.000561152,3,0.709908553,0.773036162
1516500,64,96,0.000104026,0.000521112,2,0.790923123,0.707857296
1532000,64,96,0.000104026,0.000521112,2,0.790923123,0.707857296
1539000,32,112,0.000371836,0.000561152,3,0.709908553,0.773036162
1542810,64,96,0.000104026,0.000521112,2,0.790923123,0.707857296
1543000,64,96,0.000104026,0.000521112,2,0.790923123,0.707857296
1543500,32,112,0.000371836,0.000561152,3,0.709908553,0.773036162
1544500,32,112,0.000371836,0.000561152,3,0.709908553,0.773036162
1545600,32,112,0.000371836,0.000561152,3,0.709908553,0.773036162
1547700,32,112,0.000371836,0.000561152,3,0.709908553,0.773036162
1548500,64,96,0.000104026,0.000521112,2,0.790923123,0.707857296
1549500,32,112,0.000371836,0.000561152,3,0.709908553,0.773036162
1550000,256,64,0.00035503,0.000250812,9,0.655456337,0.83667757
1552000,32,112,0.000371836,0.000561152,3,0.709908553,0.773036162
1552500,64,96,0.000104026,0.000521112,2,0.790923123,0.707857296
1557500,32,112,0.000371836,0.000561152,3,0.709908553,0.773036162
1567500,64,96,0.000104026,0.000521112,2,0.790923123,0.707857296
1568000,256,64,0.00035503,0.000250812,9,0.655456337,0.83667757
1580000,32,112,0.000371836,0.000561152,3,0.709908553,0.773036162
1583500,64,96,0.000104026,0.000521112,2,0.790923123,0.707857296
1591400,64,96,0.000104026,0.000521112,2,0.790923123,0.707857296
1596500,64,96,0.000104026,0.000521112,2,0.790923123,0.707857296
1613050,64,96,0.000104026,0.000521112,2,0.790923123,0.707857296
1620500,32,112,0.000371836,0.000561152,3,0.709908553,0.773036162
1634500,32,112,0.000371836,0.000561152,3,0.709908553,0.773036162
1638480,64,96,0.000104026,0.000521112,2,0.790923123,0.707857296
1639500,64,96,0.000104026,0.000521112,2,0.790923123,0.707857296
1644000,64,96,0.000104026,0.000521112,2,0.790923123,0.707857296
1658500,64,96,0.000104026,0.000521112,2,0.790923123,0.707857296
1664000,256,64,0.00035503,0.000250812,9,0.655456337,0.83667757
1666500,256,64,0.00035503,0.000250812,9,0.655456337,0.83667757
1667500,64,96,0.000104026,0.000521112,2,0.790923123,0.707857296
1669000,32,112,0.000371836,0.000561152,3,0.709908553,0.773036162
2011400,32,112,0.000371836,0.000561152,3,0.709908553,0.773036162
2011460,256,64,0.00035503,0.000250812,9,0.655456337,0.83667757
2013000,32,112,0.000371836,0.000561152,3,0.709908553,0.773036162
2014000,32,112,0.000371836,0.000561152,3,0.709908553,0.773036162
2015700,32,112,0.000371836,0.000561152,3,0.709908553,0.773036162
2016000,64,96,0.000104026,0.000521112,2,0.790923123,0.707857296
2017500,64,96,0.000104026,0.000521112,2,0.790923123,0.707857296
2018000,32,112,0.000371836,0.000561152,3,0.709908553,0.773036162
2027000,64,96,0.000104026,0.000521112,2,0.790923123,0.707857296
2027500,32,112,0.000371836,0.000561152,3,0.709908553,0.773036162
2028500,64,96,0.000104026,0.000521112,2,0.790923123,0.707857296
2038850,64,96,0.000104026,0.000521112,2,0.790923123,0.707857296
2046000,32,112,0.000371836,0.000561152,3,0.709908553,0.773036162
2051500,32,112,0.000371836,0.000561152,3,0.709908553,0.773036162
2053200,32,112,0.000371836,0.000561152,3,0.709908553,0.773036162
2053800,32,112,0.000371836,0.000561152,3,0.709908553,0.773036162
2055100,32,112,0.000371836,0.000561152,3,0.709908553,0.773036162
2056900,64,96,0.000104026,0.000521112,2,0.790923123,0.707857296
2059500,256,64,0.00035503,0.000250812,9,0.655456337,0.83667757
2064000,256,64,0.00035503,0.000250812,9,0.655456337,0.83667757
2065500,64,96,0.000104026,0.000521112,2,0.790923123,0.707857296
2069700,32,112,0.000371836,0.000561152,3,0.709908553,0.773036162
2070000,32,112,0.000371836,0.000561152,3,0.709908553,0.773036162
2074500,256,64,0.00035503,0.000250812,9,0.655456337,0.83667757
2077200,256,64,0.00035503,0.000250812,9,0.655456337,0.83667757
2081500,64,96,0.000104026,0.000521112,2,0.790923123,0.707857296
2082950,64,96,0.000104026,0.000521112,2,0.790923123,0.707857296
2092500,32,112,0.000371836,0.000561152,3,0.709908553,0.773036162
2102908,64,96,0.000104026,0.000521112,2,0.790923123,0.707857296
2108000,32,112,0.000371836,0.000561152,3,0.709908553,0.773036162
2111180,32,112,0.000371836,0.000561152,3,0.709908553,0.773036162
2112120,256,64,0.00035503,0.000250812,9,0.655456337,0.83667757
2112360,64,96,0.000104026,0.000521112,2,0.790923123,0.707857296
2118500,256,64,0.00035503,0.000250812,9,0.655456337,0.83667757
2128000,64,96,0.000104026,0.000521112,2,0.790923123,0.707857296
2143000,32,112,0.000371836,0.000561152,3,0.709908553,0.773036162
2143040,64,96,0.000104026,0.000521112,2,0.790923123,0.707857296
2149000,32,112,0.000371836,0.000561152,3,0.709908553,0.773036162
2152100,64,96,0.000104026,0.000521112,2,0.790923123,0.707857296
2177000,64,96,0.000104026,0.000521112,2,0.790923123,0.707857296
2202600,32,112,0.000371836,0.000561152,3,0.709908553,0.773036162
2212600,32,112,0.000371836,0.000561152,3,0.709908553,0.773036162
2221525,64,96,0.000104026,0.000521112,2,0.790923123,0.707857296
2231000,32,112,0.000371836,0.000561152,3,0.709908553,0.773036162
2231342,32,112,0.000371836,0.000561152,3,0.709908553,0.773036162
2245500,32,112,0.000371836,0.000561152,3,0.709908553,0.773036162
2246000,64,96,0.000104026,0.000521112,2,0.790923123,0.707857296
2296500,64,96,0.000104026,0.000521112,2,0.790923123,0.707857296
2297155,64,96,0.000104026,0.000521112,2,0.790923123,0.707857296
2297310,64,96,0.000104026,0.000521112,2,0.790923123,0.707857296
2298123,64,96,0.000104026,0.000521112,2,0.790923123,0.707857296
2298608,32,112,0.000371836,0.000561152,3,0.709908553,0.773036162
2299950,64,96,0.000104026,0.000521112,2,0.790923123,0.707857296
2300700,64,96,0.000104026,0.000521112,2,0.790923123,0.707857296
2312200,32,112,0.000371836,0.000561152,3,0.709908553,0.773036162
2314500,32,112,0.000371836,0.000561152,3,0.709908553,0.773036162
2315500,64,96,0.000104026,0.000521112,2,0.790923123,0.707857296
2324400,64,96,0.000104026,0.000521112,2,0.790923123,0.707857296
2327100,32,112,0.000371836,0.000561152,3,0.709908553,0.773036162
2349900,32,112,0.000371836,0.000561152,3,0.709908553,0.773036162
2361000,32,112,0.000371836,0.000561152,3,0.709908553,0.773036162
2369800,64,96,0.000104026,0.000521112,2,0.790923123,0.707857296
2371500,64,96,0.000104026,0.000521112,2,0.790923123,0.707857296
2372250,32,112,0.000371836,0.000561152,3,0.709908553,0.773036162
2374500,64,96,0.000104026,0.000521112,2,0.790923123,0.707857296
2381600,32,112,0.000371836,0.000561152,3,0.709908553,0.773036162
2422500,32,112,0.000371836,0.000561152,3,0.709908553,0.773036162
2430085,256,64,0.00035503,0.000250812,9,0.655456337,0.83667757
2450250,64,96,0.000104026,0.000521112,2,0.790923123,0.707857296
2464000,64,96,0.000104026,0.000521112,2,0.790923123,0.707857296
2465493,32,112,0.000371836,0.000561152,3,0.709908553,0.773036162
2469800,32,112,0.000371836,0.000561152,3,0.709908553,0.773036162
2472000,32,112,0.000371836,0.000561152,3,0.709908553,0.773036162
2472500,64,96,0.000104026,0.000521112,2,0.790923123,0.707857296
2479155,64,96,0.000104026,0.000521112,2,0.790923123,0.707857296
2479300,32,112,0.000371836,0.000561152,3,0.709908553,0.773036162
2479560,32,112,0.000371836,0.000561152,3,0.709908553,0.773036162
2481000,32,112,0.000371836,0.000561152,3,0.709908553,0.773036162
2481510,32,112,0.000371836,0.000561152,3,0.709908553,0.773036162
3010655,64,96,0.000104026,0.000521112,2,0.790923123,0.707857296
3011800,64,96,0.000104026,0.000521112,2,0.790923123,0.707857296
3015500,32,112,0.000371836,0.000561152,3,0.709908553,0.773036162
3021350,64,96,0.000104026,0.000521112,2,0.790923123,0.707857296
3026500,64,96,0.000104026,0.000521112,2,0.790923123,0.707857296
3028000,64,96,0.000104026,0.000521112,2,0.790923123,0.707857296
3049000,32,112,0.000371836,0.000561152,3,0.709908553,0.773036162
3049800,32,112,0.000371836,0.000561152,3,0.709908553,0.773036162
3076600,256,64,0.00035503,0.000250812,9,0.655456337,0.83667757
3078000,32,112,0.000371836,0.000561152,3,0.709908553,0.773036162
3140000,32,112,0.000371836,0.000561152,3,0.709908553,0.773036162
3144000,32,112,0.000371836,0.000561152,3,0.709908553,0.773036162
3159540,32,112,0.000371836,0.000561152,3,0.709908553,0.773036162
3161000,64,96,0.000104026,0.000521112,2,0.790923123,0.707857296
3164000,32,112,0.000371836,0.000561152,3,0.709908553,0.773036162
3165000,32,112,0.000371836,0.000561152,3,0.709908553,0.773036162
3170000,32,112,0.000371836,0.000561152,3,0.709908553,0.773036162
3173000,256,64,0.00035503,0.000250812,9,0.655456337,0.83667757
3237280,64,96,0.000104026,0.000521112,2,0.790923123,0.707857296
3237500,64,96,0.000104026,0.000521112,2,0.790923123,0.707857296
3241500,32,112,0.000371836,0.000561152,3,0.709908553,0.773036162
3291780,32,112,0.000371836,0.000561152,3,0.709908553,0.773036162
3346000,32,112,0.000371836,0.000561152,3,0.709908553,0.773036162
3384450,256,64,0.00035503,0.000250812,9,0.655456337,0.83667757
3439000,32,112,0.000371836,0.000561152,3,0.709908553,0.773036162
3455500,32,112,0.000371836,0.000561152,3,0.709908553,0.773036162
3456500,64,96,0.000104026,0.000521112,2,0.790923123,0.707857296
3460000,32,112,0.000371836,0.000561152,3,0.709908553,0.773036162
3463300,32,112,0.000371836,0.000561152,3,0.709908553,0.773036162
3471500,32,112,0.000371836,0.000561152,3,0.709908553,0.773036162
3473000,256,64,0.00035503,0.000250812,9,0.655456337,0.83667757
3479000,64,96,0.000104026,0.000521112,2,0.790923123,0.707857296
3488000,256,64,0.00035503,0.000250812,9,0.655456337,0.83667757
3498500,64,96,0.000104026,0.000521112,2,0.790923123,0.707857296
3500000,32,112,0.000371836,0.000561152,3,0.709908553,0.773036162
3500240,32,112,0.000371836,0.000561152,3,0.709908553,0.773036162
3504000,64,96,0.000104026,0.000521112,2,0.790923123,0.707857296
3574500,64,96,0.000104026,0.000521112,2,0.790923123,0.707857296
3604000,64,96,0.000104026,0.000521112,2,0.790923123,0.707857296
4015330,64,96,0.000104026,0.000521112,2,0.790923123,0.707857296
4024430,64,96,0.000104026,0.000521112,2,0.790923123,0.707857296
4027000,32,112,0.000371836,0.000561152,3,0.709908553,0.773036162
4040500,64,96,0.000104026,0.000521112,2,0.790923123,0.707857296
4043050,64,96,0.000104026,0.000521112,2,0.790923123,0.707857296
4045500,32,112,0.000371836,0.000561152,3,0.709908553,0.773036162
4056500,64,96,0.000104026,0.000521112,2,0.790923123,0.707857296
4057510,64,96,0.000104026,0.000521112,2,0.790923123,0.707857296
4057800,64,96,0.000104026,0.000521112,2,0.790923123,0.707857296
4059500,64,96,0.000104026,0.000521112,2,0.790923123,0.707857296
4063700,32,112,0.000371836,0.000561152,3,0.709908553,0.773036162
4105700,32,112,0.000371836,0.000561152,3,0.709908553,0.773036162
4122200,64,96,0.000104026,0.000521112,2,0.790923123,0.707857296
4122500,32,112,0.000371836,0.000561152,3,0.709908553,0.773036162
4124000,64,96,0.000104026,0.000521112,2,0.790923123,0.707857296
4127997,256,64,0.00035503,0.000250812,9,0.655456337,0.83667757
4185000,32,112,0.000371836,0.000561152,3,0.709908553,0.773036162
4196800,64,96,0.000104026,0.000521112,2,0.790923123,0.707857296
4197100,32,112,0.000371836,0.000561152,3,0.709908553,0.773036162
4213000,32,112,0.000371836,0.000561152,3,0.709908553,0.773036162
4216418,32,112,0.000371836,0.000561152,3,0.709908553,0.773036162
4221000,64,96,0.000104026,0.000521112,2,0.790923123,0.707857296
4224775,32,112,0.000371836,0.000561152,3,0.709908553,0.773036162
4256000,256,64,0.00035503,0.000250812,9,0.655456337,0.83667757
4296000,32,112,0.000371836,0.000561152,3,0.709908553,0.773036162
5056000,32,112,0.000371836,0.000561152,3,0.709908553,0.773036162
5057000,32,112,0.000371836,0.000561152,3,0.709908553,0.773036162
5057200,32,112,0.000371836,0.000561152,3,0.709908553,0.773036162
5120500,32,112,0.000371836,0.000561152,3,0.709908553,0.773036162
5123400,32,112,0.000371836,0.000561152,3,0.709908553,0.773036162
5129115,64,96,0.000104026,0.000521112,2,0.790923123,0.707857296
5131500,64,96,0.000104026,0.000521112,2,0.790923123,0.707857296
5291000,32,112,0.000371836,0.000561152,3,0.709908553,0.773036162
5362000,64,96,0.000104026,0.000521112,2,0.790923123,0.707857296
5393500,64,96,0.000104026,0.000521112,2,0.790923123,0.707857296
5399500,256,64,0.00035503,0.000250812,9,0.655456337,0.83667757
5408000,128,64,0.000105074,0.006533305,7,0.858219175,0.904503691
5412500,32,112,0.000371836,0.000561152,3,0.709908553,0.773036162
5413500,32,112,0.000371836,0.000561152,3,0.709908553,0.773036162
5414000,32,112,0.000371836,0.000561152,3,0.709908553,0.773036162
5444000,32,112,0.000371836,0.000561152,3,0.709908553,0.773036162
5454000,64,96,0.000104026,0.000521112,2,0.790923123,0.707857296
5458000,32,112,0.000371836,0.000561152,3,0.709908553,0.773036162
5466500,64,96,0.000104026,0.000521112,2,0.790923123,0.707857296
5487980,32,112,0.000371836,0.000561152,3,0.709908553,0.773036162
5489000,32,112,0.000371836,0.000561152,3,0.709908553,0.773036162
5495000,32,112,0.000371836,0.000561152,3,0.709908553,0.773036162
5495500,64,96,0.000104026,0.000521112,2,0.790923123,0.707857296
5501000,64,96,0.000104026,0.000521112,2,0.790923123,0.707857296
5503800,32,112,0.000371836,0.000561152,3,0.709908553,0.773036162
5507600,32,112,0.000371836,0.000561152,3,0.709908553,0.773036162
5508805,32,112,0.000371836,0.000561152,3,0.709908553,0.773036162
5514500,32,112,0.000371836,0.000561152,3,0.709908553,0.773036162
5525500,32,112,0.000371836,0.000561152,3,0.709908553,0.773036162
5556500,32,112,0.000371836,0.000561152,3,0.709908553,0.773036162
5584500,32,112,0.000371836,0.000561152,3,0.709908553,0.773036162
5585000,64,96,0.000104026,0.000521112,2,0.790923123,0.707857296
5591550,64,96,0.000104026,0.000521112,2,0.790923123,0.707857296
5592050,64,96,0.000104026,0.000521112,2,0.790923123,0.707857296
5593575,32,112,0.000371836,0.000561152,3,0.709908553,0.773036162
5593900,64,96,0.000104026,0.000521112,2,0.790923123,0.707857296
5595730,32,112,0.000371836,0.000561152,3,0.709908553,0.773036162
6191500,32,112,0.000371836,0.000561152,3,0.709908553,0.773036162
6224000,64,96,0.000104026,0.000521112,2,0.790923123,0.707857296
6278300,32,112,0.000371836,0.000561152,3,0.709908553,0.773036162
6280300,32,112,0.000371836,0.000561152,3,0.709908553,0.773036162
6289000,32,112,0.000371836,0.000561152,3,0.709908553,0.773036162
6311000,32,112,0.000371836,0.000561152,3,0.709908553,0.773036162
6332515,64,96,0.000104026,0.000521112,2,0.790923123,0.707857296
6339100,64,96,0.000104026,0.000521112,2,0.790923123,0.707857296
6339500,32,112,0.000371836,0.000561152,3,0.709908553,0.773036162
6344600,64,96,0.000104026,0.000521112,2,0.790923123,0.707857296
6350000,32,112,0.000371836,0.000561152,3,0.709908553,0.773036162
6352000,32,112,0.000371836,0.000561152,3,0.709908553,0.773036162
6353000,32,112,0.000371836,0.000561152,3,0.709908553,0.773036162
6354000,32,112,0.000371836,0.000561152,3,0.709908553,0.773036162
6360500,32,112,0.000371836,0.000561152,3,0.709908553,0.773036162
6404000,32,112,0.000371836,0.000561152,3,0.709908553,0.773036162
6406000,32,112,0.000371836,0.000561152,3,0.709908553,0.773036162
6409000,64,96,0.000104026,0.000521112,2,0.790923123,0.707857296
6431500,64,96,0.000104026,0.000521112,2,0.790923123,0.707857296
6447000,64,96,0.000104026,0.000521112,2,0.790923123,0.707857296
6447500,64,96,0.000104026,0.000521112,2,0.790923123,0.707857296
6450500,32,112,0.000371836,0.000561152,3,0.709908553,0.773036162
6452000,64,96,0.000104026,0.000521112,2,0.790923123,0.707857296
6453600,32,112,0.000371836,0.000561152,3,0.709908553,0.773036162
6464500,32,112,0.000371836,0.000561152,3,0.709908553,0.773036162
6468170,32,112,0.000371836,0.000561152,3,0.709908553,0.773036162
6470800,32,112,0.000371836,0.000561152,3,0.709908553,0.773036162
6477500,64,96,0.000104026,0.000521112,2,0.790923123,0.707857296
6479438,32,112,0.000371836,0.000561152,3,0.709908553,0.773036162
6601000,32,112,0.000371836,0.000561152,3,0.709908553,0.773036162
6614800,64,96,0.000104026,0.000521112,2,0.790923123,0.707857296
6622700,32,112,0.000371836,0.000561152,3,0.709908553,0.773036162
6623800,64,96,0.000104026,0.000521112,2,0.790923123,0.707857296
6632400,64,96,0.000104026,0.000521112,2,0.790923123,0.707857296
6746095,32,112,0.000371836,0.000561152,3,0.709908553,0.773036162
6784000,32,112,0.000371836,0.000561152,3,0.709908553,0.773036162
6803510,64,96,0.000104026,0.000521112,2,0.790923123,0.707857296
6803530,32,112,0.000371836,0.000561152,3,0.709908553,0.773036162
6814000,64,96,0.000104026,0.000521112,2,0.790923123,0.707857296
6847900,64,96,0.000104026,0.000521112,2,0.790923123,0.707857296
6853800,32,112,0.000371836,0.000561152,3,0.709908553,0.773036162
6876700,32,112,0.000371836,0.000561152,3,0.709908553,0.773036162
6878000,32,112,0.000371836,0.000561152,3,0.709908553,0.773036162
6879650,32,112,0.000371836,0.000561152,3,0.709908553,0.773036162
6885500,128,64,0.000105074,0.006533305,7,0.858219175,0.904503691
6888500,256,64,0.00035503,0.000250812,9,0.655456337,0.83667757
6889200,256,64,0.00035503,0.000250812,9,0.655456337,0.83667757
6889500,64,96,0.000104026,0.000521112,2,0.790923123,0.707857296
6892000,32,112,0.000371836,0.000561152,3,0.709908553,0.773036162
6903400,32,112,0.000371836,0.000561152,3,0.709908553,0.773036162
6910800,32,112,0.000371836,0.000561152,3,0.709908553,0.773036162
6911900,32,112,0.000371836,0.000561152,3,0.709908553,0.773036162
6917000,32,112,0.000371836,0.000561152,3,0.709908553,0.773036162
6918460,64,96,0.000104026,0.000521112,2,0.790923123,0.707857296
6919500,64,96,0.000104026,0.000521112,2,0.790923123,0.707857296
6921070,32,112,0.000371836,0.000561152,3,0.709908553,0.773036162
6921200,64,96,0.000104026,0.000521112,2,0.790923123,0.707857296
7014500,32,112,0.000371836,0.000561152,3,0.709908553,0.773036162
7056000,64,96,0.000104026,0.000521112,2,0.790923123,0.707857296
7057500,64,96,0.000104026,0.000521112,2,0.790923123,0.707857296
7060710,32,112,0.000371836,0.000561152,3,0.709908553,0.773036162
7066000,32,112,0.000371836,0.000561152,3,0.709908553,0.773036162
7067000,64,96,0.000104026,0.000521112,2,0.790923123,0.707857296
7068000,32,112,0.000371836,0.000561152,3,0.709908553,0.773036162
7071500,32,112,0.000371836,0.000561152,3,0.709908553,0.773036162
7083000,64,96,0.000104026,0.000521112,2,0.790923123,0.707857296
7142300,32,112,0.000371836,0.000561152,3,0.709908553,0.773036162
7145700,32,112,0.000371836,0.000561152,3,0.709908553,0.773036162
7148400,64,96,0.000104026,0.000521112,2,0.790923123,0.707857296
7149000,64,96,0.000104026,0.000521112,2,0.790923123,0.707857296
7151500,64,96,0.000104026,0.000521112,2,0.790923123,0.707857296
7167500,32,112,0.000371836,0.000561152,3,0.709908553,0.773036162
7180500,64,96,0.000104026,0.000521112,2,0.790923123,0.707857296
7184000,32,112,0.000371836,0.000561152,3,0.709908553,0.773036162
7195800,64,96,0.000104026,0.000521112,2,0.790923123,0.707857296
7196900,256,64,0.00035503,0.000250812,9,0.655456337,0.83667757
7197000,32,112,0.000371836,0.000561152,3,0.709908553,0.773036162
7208500,256,64,0.00035503,0.000250812,9,0.655456337,0.83667757
7261000,32,112,0.000371836,0.000561152,3,0.709908553,0.773036162
7291000,64,96,0.000104026,0.000521112,2,0.790923123,0.707857296
7292500,256,64,0.00035503,0.000250812,9,0.655456337,0.83667757
7299670,32,112,0.000371836,0.000561152,3,0.709908553,0.773036162
7301410,32,112,0.000371836,0.000561152,3,0.709908553,0.773036162
7301500,32,112,0.000371836,0.000561152,3,0.709908553,0.773036162
7315200,32,112,0.000371836,0.000561152,3,0.709908553,0.773036162
7315700,64,96,0.000104026,0.000521112,2,0.790923123,0.707857296
7335700,64,96,0.000104026,0.000521112,2,0.790923123,0.707857296
7340300,64,96,0.000104026,0.000521112,2,0.790923123,0.707857296
7346045,64,96,0.000104026,0.000521112,2,0.790923123,0.707857296
7362100,32,112,0.000371836,0.000561152,3,0.709908553,0.773036162
7373000,32,112,0.000371836,0.000561152,3,0.709908553,0.773036162
7375000,128,64,0.000105074,0.006533305,7,0.858219175,0.904503691
8013000,64,96,0.000104026,0.000521112,2,0.790923123,0.707857296
8014500,256,64,0.00035503,0.000250812,9,0.655456337,0.83667757
8023080,32,112,0.000371836,0.000561152,3,0.709908553,0.773036162
8029500,32,112,0.000371836,0.000561152,3,0.709908553,0.773036162
8066200,32,112,0.000371836,0.000561152,3,0.709908553,0.773036162
8066300,32,112,0.000371836,0.000561152,3,0.709908553,0.773036162
8070000,64,96,0.000104026,0.000521112,2,0.790923123,0.707857296
8079600,64,96,0.000104026,0.000521112,2,0.790923123,0.707857296
8082700,32,112,0.000371836,0.000561152,3,0.709908553,0.773036162
8086212,32,112,0.000371836,0.000561152,3,0.709908553,0.773036162
8086290,32,112,0.000371836,0.000561152,3,0.709908553,0.773036162
8101000,32,112,0.000371836,0.000561152,3,0.709908553,0.773036162
8103900,32,112,0.000371836,0.000561152,3,0.709908553,0.773036162
8104900,128,64,0.000105074,0.006533305,7,0.858219175,0.904503691
8109700,32,112,0.000371836,0.000561152,3,0.709908553,0.773036162
8150800,256,64,0.00035503,0.000250812,9,0.655456337,0.83667757
8158700,128,64,0.000105074,0.006533305,7,0.858219175,0.904503691
8158810,256,64,0.00035503,0.000250812,9,0.655456337,0.83667757
8164000,32,112,0.000371836,0.000561152,3,0.709908553,0.773036162
8164300,32,112,0.000371836,0.000561152,3,0.709908553,0.773036162
8164600,64,96,0.000104026,0.000521112,2,0.790923123,0.707857296
8165300,128,64,0.000105074,0.006533305,7,0.858219175,0.904503691
8171300,32,112,0.000371836,0.000561152,3,0.709908553,0.773036162
8175000,32,112,0.000371836,0.000561152,3,0.709908553,0.773036162
8189500,32,112,0.000371836,0.000561152,3,0.709908553,0.773036162
8190000,64,96,0.000104026,0.000521112,2,0.790923123,0.707857296
8190500,256,64,0.00035503,0.000250812,9,0.655456337,0.83667757
8194200,32,112,0.000371836,0.000561152,3,0.709908553,0.773036162
8195000,32,112,0.000371836,0.000561152,3,0.709908553,0.773036162
8196000,32,112,0.000371836,0.000561152,3,0.709908553,0.773036162
8198500,256,64,0.00035503,0.000250812,9,0.655456337,0.83667757
8200000,64,96,0.000104026,0.000521112,2,0.790923123,0.707857296
8202700,256,64,0.00035503,0.000250812,9,0.655456337,0.83667757
8267500,32,112,0.000371836,0.000561152,3,0.709908553,0.773036162
8269000,64,96,0.000104026,0.000521112,2,0.790923123,0.707857296
8271000,64,96,0.000104026,0.000521112,2,0.790923123,0.707857296
8324000,32,112,0.000371836,0.000561152,3,0.709908553,0.773036162
8377900,64,96,0.000104026,0.000521112,2,0.790923123,0.707857296
8378500,32,112,0.000371836,0.000561152,3,0.709908553,0.773036162
8380500,64,96,0.000104026,0.000521112,2,0.790923123,0.707857296
9034900,64,96,0.000104026,0.000521112,2,0.790923123,0.707857296
9035900,256,64,0.00035503,0.000250812,9,0.655456337,0.83667757
9047700,64,96,0.000104026,0.000521112,2,0.790923123,0.707857296
9065500,64,96,0.000104026,0.000521112,2,0.790923123,0.707857296
9066000,64,96,0.000104026,0.000521112,2,0.790923123,0.707857296
9066200,32,112,0.000371836,0.000561152,3,0.709908553,0.773036162
9066300,64,96,0.000104026,0.000521112,2,0.790923123,0.707857296
9081600,64,96,0.000104026,0.000521112,2,0.790923123,0.707857296
9210500,32,112,0.000371836,0.000561152,3,0.709908553,0.773036162
9223000,64,96,0.000104026,0.000521112,2,0.790923123,0.707857296
9306242,64,96,0.000104026,0.000521112,2,0.790923123,0.707857296
9312600,64,96,0.000104026,0.000521112,2,0.790923123,0.707857296
9352900,32,112,0.000371836,0.000561152,3,0.709908553,0.773036162
9378630,64,96,0.000104026,0.000521112,2,0.790923123,0.707857296
9386900,256,64,0.00035503,0.000250812,9,0.655456337,0.83667757
9404450,64,96,0.000104026,0.000521112,2,0.790923123,0.707857296
9430500,32,112,0.000371836,0.000561152,3,0.709908553,0.773036162
9430600,32,112,0.000371836,0.000561152,3,0.709908553,0.773036162
9492400,64,96,0.000104026,0.000521112,2,0.790923123,0.707857296
9494000,64,96,0.000104026,0.000521112,2,0.790923123,0.707857296
9497980,32,112,0.000371836,0.000561152,3,0.709908553,0.773036162
9505350,64,96,0.000104026,0.000521112,2,0.790923123,0.707857296
9505800,32,112,0.000371836,0.000561152,3,0.709908553,0.773036162
9508300,32,112,0.000371836,0.000561152,3,0.709908553,0.773036162
9510200,32,112,0.000371836,0.000561152,3,0.709908553,0.773036162
9513780,256,64,0.00035503,0.000250812,9,0.655456337,0.83667757
10172700,64,96,0.000104026,0.000521112,2,0.790923123,0.707857296
10172800,32,112,0.000371836,0.000561152,3,0.709908553,0.773036162
10173450,32,112,0.000371836,0.000561152,3,0.709908553,0.773036162
10205030,32,112,0.000371836,0.000561152,3,0.709908553,0.773036162
10234500,32,112,0.000371836,0.000561152,3,0.709908553,0.773036162
10242000,32,112,0.000371836,0.000561152,3,0.709908553,0.773036162
10244950,32,112,0.000371836,0.000561152,3,0.709908553,0.773036162
10249300,32,112,0.000371836,0.000561152,3,0.709908553,0.773036162
10258500,32,112,0.000371836,0.000561152,3,0.709908553,0.773036162
10259000,32,112,0.000371836,0.000561152,3,0.709908553,0.773036162
10259200,32,112,0.000371836,0.000561152,3,0.709908553,0.773036162
10263500,32,112,0.000371836,0.000561152,3,0.709908553,0.773036162
10316500,64,96,0.000104026,0.000521112,2,0.790923123,0.707857296
10329500,64,96,0.000104026,0.000521112,2,0.790923123,0.707857296
10336660,64,96,0.000104026,0.000521112,2,0.790923123,0.707857296
10343500,32,112,0.000371836,0.000561152,3,0.709908553,0.773036162
10396000,32,112,0.000371836,0.000561152,3,0.709908553,0.773036162
11098000,32,112,0.000371836,0.000561152,3,0.709908553,0.773036162
11124500,32,112,0.000371836,0.000561152,3,0.709908553,0.773036162
11141280,32,112,0.000371836,0.000561152,3,0.709908553,0.773036162
11143000,64,96,0.000104026,0.000521112,2,0.790923123,0.707857296
11148900,256,64,0.00035503,0.000250812,9,0.655456337,0.83667757
11151300,256,64,0.00035503,0.000250812,9,0.655456337,0.83667757
11162500,64,96,0.000104026,0.000521112,2,0.790923123,0.707857296
11176400,256,64,0.00035503,0.000250812,9,0.655456337,0.83667757
11180500,256,64,0.00035503,0.000250812,9,0.655456337,0.83667757
11180960,128,64,0.000105074,0.006533305,7,0.858219175,0.904503691
11224500,256,64,0.00035503,0.000250812,9,0.655456337,0.83667757
11230500,32,112,0.000371836,0.000561152,3,0.709908553,0.773036162
11237500,64,96,0.000104026,0.000521112,2,0.790923123,0.707857296
11253310,256,64,0.00035503,0.000250812,9,0.655456337,0.83667757
11264500,64,96,0.000104026,0.000521112,2,0.790923123,0.707857296
11266500,64,96,0.000104026,0.000521112,2,0.790923123,0.707857296
11274500,256,64,0.00035503,0.000250812,9,0.655456337,0.83667757
11274630,256,64,0.00035503,0.000250812,9,0.655456337,0.83667757
11284400,32,112,0.000371836,0.000561152,3,0.709908553,0.773036162
11381500,256,64,0.00035503,0.000250812,9,0.655456337,0.83667757
11383500,256,64,0.00035503,0.000250812,9,0.655456337,0.83667757
11451100,64,96,0.000104026,0.000521112,2,0.790923123,0.707857296
11468500,64,96,0.000104026,0.000521112,2,0.790923123,0.707857296
11473900,32,112,0.000371836,0.000561152,3,0.709908553,0.773036162
11475560,32,112,0.000371836,0.000561152,3,0.709908553,0.773036162
11476600,64,96,0.000104026,0.000521112,2,0.790923123,0.707857296
11478500,256,64,0.00035503,0.000250812,9,0.655456337,0.83667757
11481200,64,96,0.000104026,0.000521112,2,0.790923123,0.707857296
11482500,32,112,0.000371836,0.000561152,3,0.709908553,0.773036162
11522500,32,112,0.000371836,0.000561152,3,0.709908553,0.773036162
11523200,64,96,0.000104026,0.000521112,2,0.790923123,0.707857296
11528700,64,96,0.000104026,0.000521112,2,0.790923123,0.707857296
11532500,32,112,0.000371836,0.000561152,3,0.709908553,0.773036162
12010000,64,96,0.000104026,0.000521112,2,0.790923123,0.707857296
12013500,64,96,0.000104026,0.000521112,2,0.790923123,0.707857296
12020000,32,112,0.000371836,0.000561152,3,0.709908553,0.773036162
12025700,64,96,0.000104026,0.000521112,2,0.790923123,0.707857296
12035000,64,96,0.000104026,0.000521112,2,0.790923123,0.707857296
12040500,64,96,0.000104026,0.000521112,2,0.790923123,0.707857296
12041200,32,112,0.000371836,0.000561152,3,0.709908553,0.773036162
12048000,64,96,0.000104026,0.000521112,2,0.790923123,0.707857296
12054000,64,96,0.000104026,0.000521112,2,0.790923123,0.707857296
12056500,32,112,0.000371836,0.000561152,3,0.709908553,0.773036162
12073500,64,96,0.000104026,0.000521112,2,0.790923123,0.707857296
12082500,32,112,0.000371836,0.000561152,3,0.709908553,0.773036162
12092000,32,112,0.000371836,0.000561152,3,0.709908553,0.773036162
12114500,64,96,0.000104026,0.000521112,2,0.790923123,0.707857296
12115000,32,112,0.000371836,0.000561152,3,0.709908553,0.773036162
12115500,32,112,0.000371836,0.000561152,3,0.709908553,0.773036162
12117000,64,96,0.000104026,0.000521112,2,0.790923123,0.707857296
12145500,32,112,0.000371836,0.000561152,3,0.709908553,0.773036162
12147500,32,112,0.000371836,0.000561152,3,0.709908553,0.773036162
12147600,64,96,0.000104026,0.000521112,2,0.790923123,0.707857296
12167000,64,96,0.000104026,0.000521112,2,0.790923123,0.707857296
12175500,32,112,0.000371836,0.000561152,3,0.709908553,0.773036162
12178100,32,112,0.000371836,0.000561152,3,0.709908553,0.773036162
12186000,64,96,0.000104026,0.000521112,2,0.790923123,0.707857296
12189500,32,112,0.000371836,0.000561152,3,0.709908553,0.773036162
12358500,32,112,0.000371836,0.000561152,3,0.709908553,0.773036162
12390700,64,96,0.000104026,0.000521112,2,0.790923123,0.707857296
12411000,32,112,0.000371836,0.000561152,3,0.709908553,0.773036162
12414500,32,112,0.000371836,0.000561152,3,0.709908553,0.773036162
12447390,32,112,0.000371836,0.000561152,3,0.709908553,0.773036162
12451000,32,112,0.000371836,0.000561152,3,0.709908553,0.773036162
12488500,32,112,0.000371836,0.000561152,3,0.709908553,0.773036162
13011500,64,96,0.000104026,0.000521112,2,0.790923123,0.707857296
13011900,64,96,0.000104026,0.000521112,2,0.790923123,0.707857296
13018300,32,112,0.000371836,0.000561152,3,0.709908553,0.773036162
13023000,32,112,0.000371836,0.000561152,3,0.709908553,0.773036162
13083000,32,112,0.000371836,0.000561152,3,0.709908553,0.773036162
13161500,32,112,0.000371836,0.000561152,3,0.709908553,0.773036162
13235000,32,112,0.000371836,0.000561152,3,0.709908553,0.773036162
13240000,32,112,0.000371836,0.000561152,3,0.709908553,0.773036162
13313000,32,112,0.000371836,0.000561152,3,0.709908553,0.773036162
13331500,32,112,0.000371836,0.000561152,3,0.709908553,0.773036162
13337000,32,112,0.000371836,0.000561152,3,0.709908553,0.773036162
13338500,64,96,0.000104026,0.000521112,2,0.790923123,0.707857296
13340000,64,96,0.000104026,0.000521112,2,0.790923123,0.707857296
13340600,64,96,0.000104026,0.000521112,2,0.790923123,0.707857296
14020000,64,96,0.000104026,0.000521112,2,0.790923123,0.707857296
14137000,32,112,0.000371836,0.000561152,3,0.709908553,0.773036162
14138800,32,112,0.000371836,0.000561152,3,0.709908553,0.773036162
14138870,64,96,0.000104026,0.000521112,2,0.790923123,0.707857296
14138900,32,112,0.000371836,0.000561152,3,0.709908553,0.773036162
14139800,32,112,0.000371836,0.000561152,3,0.709908553,0.773036162
14141500,32,112,0.000371836,0.000561152,3,0.709908553,0.773036162
14154500,256,64,0.00035503,0.000250812,9,0.655456337,0.83667757
14158500,64,96,0.000104026,0.000521112,2,0.790923123,0.707857296
14158790,64,96,0.000104026,0.000521112,2,0.790923123,0.707857296
14166500,64,96,0.000104026,0.000521112,2,0.790923123,0.707857296
14182500,64,96,0.000104026,0.000521112,2,0.790923123,0.707857296
14185000,64,96,0.000104026,0.000521112,2,0.790923123,0.707857296
14185900,64,96,0.000104026,0.000521112,2,0.790923123,0.707857296
14222500,32,112,0.000371836,0.000561152,3,0.709908553,0.773036162
14236200,32,112,0.000371836,0.000561152,3,0.709908553,0.773036162
14301000,32,112,0.000371836,0.000561152,3,0.709908553,0.773036162
14305500,64,96,0.000104026,0.000521112,2,0.790923123,0.707857296
14306500,256,64,0.00035503,0.000250812,9,0.655456337,0.83667757
14309500,64,96,0.000104026,0.000521112,2,0.790923123,0.707857296
14316700,64,96,0.000104026,0.000521112,2,0.790923123,0.707857296
14325000,64,96,0.000104026,0.000521112,2,0.790923123,0.707857296
14400000,64,96,0.000104026,0.000521112,2,0.790923123,0.707857296
