gauge_id,huc_02,gauge_name,lat,lon,drainage_area_km2,forcing_source,forcing_lat,forcing_elev_m,forcing_area_m2
01013500,01,"Fish River near Fort Kent, Maine",47.23739,-68.58264,2252.70,daymet_v1p2,46.84,353.00,2260093113
01022500,01,"Narraguagus River at Cherryfield, Maine",44.60797,-67.93524,573.60,daymet_v1p2,44.82,133.00,587675987
01030500,01,"Mattawamkeag River near Mattawamkeag, Maine",45.50097,-68.30596,3676.17,daymet_v1p2,45.80,170.00,3671033258
01031500,01,"Piscataquis River near Dover-Foxcroft, Maine",45.17501,-69.31470,769.05,daymet_v1p2,45.06,318.00,771486538
01047000,01,"Carrabassett River near North Anson, Maine",44.86920,-69.95510,909.10,daymet_v1p2,44.98,613.00,913874993
01052500,01,"Diamond River near Wentworth Location, NH",44.87739,-71.05749,383.82,daymet_v1p2,44.97,650.00,393509912
01054200,01,"Wild River at Gilead, Maine",44.39044,-70.97964,180.98,daymet_v1p2,44.23,596.00,180186118
01055000,01,"Swift River near Roxbury, Maine",44.64275,-70.58878,250.64,daymet_v1p2,44.67,579.00,250862569
01057000,01,"Little Androscoggin River near South Paris, Maine",44.30399,-70.53968,190.92,daymet_v1p2,44.27,262.00,190282753
01073000,01,"OYSTER RIVER NEAR DURHAM, NH",43.14870,-70.96506,31.30,daymet_v1p2,43.09,54.00,31325460
01078000,01,"SMITH RIVER NEAR BRISTOL, NH",43.56646,-71.74786,222.46,daymet_v1p2,43.49,353.00,222125990
01118300,01,"PENDLETON HILL BROOK NEAR CLARKS FALLS, CT.",41.47482,-71.83424,10.36,daymet_v1p2,41.42,93.00,10407302
01121000,01,"MOUNT HOPE RIVER NEAR WARRENVILLE, CT.",41.84371,-72.16897,70.25,daymet_v1p2,41.80,181.00,74041997
01123000,01,"LITTLE RIVER NEAR HANOVER, CT.",41.67177,-72.05230,77.85,daymet_v1p2,41.68,150.00,77666430
01134500,01,"MOOSE RIVER AT VICTORY, VT",44.51172,-71.83731,195.13,daymet_v1p2,44.49,529.00,194683851
01137500,01,"AMMONOOSUC RIVER AT BETHLEHEM JUNCTION, NH",44.26867,-71.63036,228.55,daymet_v1p2,44.18,922.00,226785976
01139000,01,"WELLS RIVER AT WELLS RIVER, VT",44.15034,-72.06509,246.33,daymet_v1p2,44.16,434.00,254745890
01139800,01,"EAST ORANGE BRANCH AT EAST ORANGE, VT",44.09284,-72.33565,22.80,daymet_v1p2,44.02,544.00,23170485
01142500,01,"AYERS BROOK AT RANDOLPH, VT",43.93451,-72.65788,82.17,daymet_v1p2,43.93,415.00,78960871
01144000,01,"WHITE RIVER AT WEST HARTFORD, VT",43.71424,-72.41815,1790.24,daymet_v1p2,43.68,555.00,1786327890
01150900,01,,,,,daymet_v1p2,43.58,605.00,60579815
01162500,01,"PRIEST BROOK NEAR WINCHENDON, MA",42.68259,-72.11508,49.71,daymet_v1p2,42.68,332.00,50224291
01169000,01,"NORTH RIVER AT SHATTUCKVILLE, MA",42.63842,-72.72509,230.64,daymet_v1p2,42.69,483.00,230410409
01170100,01,"GREEN RIVER NEAR COLRAIN, MA",42.70342,-72.67065,106.99,daymet_v1p2,42.74,430.00,107179673
01181000,01,"WEST BRANCH WESTFIELD RIVER AT HUNTINGTON, MA",42.23731,-72.89565,243.50,daymet_v1p2,42.23,452.00,243354814
01187300,01,"HUBBARD RIVER NR. WEST HARTLAND, CT.",42.03732,-72.93899,53.92,daymet_v1p2,42.01,394.00,51518732
01195100,01,"INDIAN RIVER NEAR CLINTON, CT.",41.30593,-72.53120,14.84,daymet_v1p2,41.26,67.00,14704844
01333000,02,"GREEN RIVER AT WILLIAMSTOWN, MA",42.70897,-73.19677,112.16,daymet_v1p2,42.54,482.00,110286331
01350000,02,SCHOHARIE CREEK AT PRATTSVILLE NY,42.31953,-74.43654,612.51,daymet_v1p2,42.13,631.00,613564797
01350080,02,MANOR KILL AT WEST CONESVILLE NEAR GILBOA NY,42.37703,-74.41292,83.84,daymet_v1p2,42.32,577.00,83879744
01350140,02,MINE KILL NEAR NORTH BLENHEIM NY,42.42897,-74.47293,43.76,daymet_v1p2,42.38,573.00,41939872
01365000,02,RONDOUT CREEK NEAR LOWES CORNERS NY,41.86648,-74.48710,99.57,daymet_v1p2,41.87,685.00,99154142
01411300,02,TUCKAHOE RIVER AT HEAD OF RIVER NJ,39.30694,-74.82056,79.32,daymet_v1p2,39.28,16.00,79737535
01413500,02,EAST BR DELAWARE R AT MARGARETVILLE NY,42.14481,-74.65349,424.10,daymet_v1p2,42.08,625.00,421987603
01414500,02,MILL BROOK NEAR DUNRAVEN NY,42.10620,-74.73043,64.45,daymet_v1p2,42.01,699.00,65239801
01415000,02,TREMPER KILL NEAR ANDES NY,42.12009,-74.81849,85.63,daymet_v1p2,42.11,605.00,85950849
01423000,02,WEST BRANCH DELAWARE RIVER AT WALTON NY,42.16620,-75.13989,859.68,daymet_v1p2,42.18,496.00,859508492
01434025,02,BISCUIT BK ABOVE PIGEON BK AT FROST VALLEY NY,41.99537,-74.50099,9.70,daymet_v1p2,41.94,870.00,9630637
01435000,02,NEVERSINK RIVER NEAR CLARYVILLE NY,41.89009,-74.58988,172.46,daymet_v1p2,41.94,870.00,172419475
01439500,02,"Bush Kill at Shoemakers, PA",41.08815,-75.03767,305.88,daymet_v1p2,41.19,424.00,302899077
01440000,02,FLAT BROOK NEAR FLATBROOKVILLE NJ,41.10667,-74.95222,167.72,daymet_v1p2,41.16,281.00,165688384
01440400,02,"Brodhead Creek near Analomink, PA",41.08481,-75.21462,175.21,daymet_v1p2,41.12,403.00,170607258
01451800,02,"Jordan Creek near Schnecksville, PA",40.66176,-75.62685,135.84,daymet_v1p2,40.59,205.00,137210693
01466500,02,MCDONALDS BRANCH IN LEBANON STATE FOREST NJ,39.88500,-74.50528,5.38,daymet_v1p2,39.81,41.00,6083870
01484100,02,"BEAVERDAM BRANCH AT HOUSTON, DE",38.90578,-75.51275,9.00,daymet_v1p2,38.83,16.00,7818421
01485500,02,"NASSAWANGO CREEK NEAR SNOW HILL, MD",38.22892,-75.47144,141.54,daymet_v1p2,38.23,13.00,116240757
01486000,02,"MANOKIN BRANCH NEAR PRINCESS ANNE, MD",38.21389,-75.67139,11.18,daymet_v1p2,38.17,8.00,12426629
01487000,02,"NANTICOKE RIVER NEAR BRIDGEVILLE, DE",38.72833,-75.56186,187.41,daymet_v1p2,38.75,16.00,195201627
01491000,02,"CHOPTANK RIVER NEAR GREENSBORO, MD",38.99719,-75.78581,292.04,daymet_v1p2,38.97,17.00,292543553
01510000,02,OTSELIC RIVER AT CINCINNATUS NY,42.54118,-75.89964,382.99,daymet_v1p2,42.69,511.00,380565507
01516500,02,"Corey Creek near Mainesburg, PA",41.79091,-77.01469,31.48,daymet_v1p2,41.70,514.00,31584348
01518862,02,"Cowanesque River at Westfield, PA",41.92313,-77.53193,233.91,daymet_v1p2,41.86,606.00,234552619
01532000,02,"Towanda Creek near Monroeton, PA",41.70702,-76.48467,553.94,daymet_v1p2,41.55,601.00,556609415
01539000,02,"Fishing Creek near Bloomsburg, PA",41.07814,-76.43106,701.78,daymet_v1p2,41.26,618.00,709353394
01542810,02,"Waldy Run near Emporium, PA",41.57895,-78.29251,13.62,daymet_v1p2,41.56,574.00,13565736
01543000,02,"Driftwood Br Sinnemahoning Cr at Sterling Run, PA",41.41340,-78.19695,705.50,daymet_v1p2,41.42,539.00,704175632
01543500,02,"Sinnemahoning Creek at Sinnemahoning, PA",41.31728,-78.10306,1778.26,daymet_v1p2,41.14,487.00,1773383485
01544500,02,"Kettle Creek at Cross Fork, PA",41.47590,-77.82582,355.06,daymet_v1p2,41.53,614.00,352087816
01545600,02,"Young Womans Creek near Renovo, PA",41.38951,-77.69082,120.00,daymet_v1p2,41.39,580.00,119606302
01547700,02,"Marsh Creek at Blanchard, PA",41.05951,-77.60583,113.54,daymet_v1p2,40.98,383.00,114169652
01548500,02,"Pine Creek at Cedar Run, PA",41.52174,-77.44748,1557.05,daymet_v1p2,41.66,505.00,1563684124
01549500,02,"Blockhouse Creek near English Center, PA",41.47368,-77.23081,97.49,daymet_v1p2,41.44,540.00,97600814
01550000,02,"Lycoming Creek near Trout Run, PA",41.41841,-77.03275,452.68,daymet_v1p2,41.47,542.00,447876413
01552000,02,"Loyalsock Creek at Loyalsockville, PA",41.32508,-76.91246,1129.49,daymet_v1p2,41.38,605.00,1126163235
01552500,02,"Muncy Creek near Sonestown, PA",41.35702,-76.53467,60.64,daymet_v1p2,41.30,560.00,61615368
01557500,02,"Bald Eagle Creek at Tyrone, PA",40.68367,-78.23362,115.30,daymet_v1p2,40.67,463.00,114169652
01567500,02,"Bixler Run near Loysville, PA",40.37092,-77.40221,38.77,daymet_v1p2,40.32,255.00,38833215
01568000,02,"Sherman Creek at Shermans Dale, PA",40.32342,-77.16887,534.39,daymet_v1p2,40.32,255.00,535898367
01580000,02,"DEER CREEK AT ROCKS, MD",39.62997,-76.40331,244.37,daymet_v1p2,39.65,223.00,244390366
01583500,02,"WESTERN RUN AT WESTERN RUN, MD",39.51078,-76.67650,155.85,daymet_v1p2,39.50,200.00,154815084
01586610,02,"MORGAN RUN NEAR LOUISVILLE, MD",39.45189,-76.95531,72.70,daymet_v1p2,39.42,225.00,72488668
01591400,02,"CATTAIL CREEK NEAR GLENWOOD, MD",39.25597,-77.05106,59.09,daymet_v1p2,39.24,174.00,59285375
01594950,02,"MCMILLAN F NEAR FORT PENDLETON, MD",39.27669,-79.39031,6.12,daymet_v1p2,39.23,837.00,5954426
01596500,02,"SAVAGE RIVER NEAR BARTON, MD",39.57006,-79.10194,124.65,daymet_v1p2,39.57,768.00,127114057
01605500,02,"SOUTH BRANCH POTOMAC RIVER AT FRANKLIN, WV",38.63567,-79.33782,463.85,daymet_v1p2,38.44,894.00,463409699
01606500,02,"SO. BRANCH POTOMAC RIVER NR PETERSBURG, WV",38.99122,-79.17587,1684.55,daymet_v1p2,38.44,894.00,1685361531
01613050,02,"Tonoloway Creek near Needmore, PA",39.89842,-78.13223,27.90,daymet_v1p2,39.86,327.00,27701027
01620500,02,"NORTH RIVER NEAR STOKESVILLE, VA",38.33763,-79.24004,44.74,daymet_v1p2,38.31,911.00,44787641
01632000,02,"N F SHENANDOAH RIVER AT COOTES STORE, VA",38.63706,-78.85280,543.36,daymet_v1p2,38.66,765.00,543665010
01632900,02,"SMITH CREEK NEAR NEW MARKET, VA",38.69345,-78.64279,245.05,daymet_v1p2,38.57,318.00,242319262
01634500,02,"CEDAR CREEK NEAR WINCHESTER, VA",39.08122,-78.32945,263.98,daymet_v1p2,38.96,451.00,264065862
01638480,02,"CATOCTIN CREEK AT TAYLORSTOWN, VA",39.25455,-77.57638,232.00,daymet_v1p2,39.14,191.00,231704849
01639500,02,"BIG PIPE CREEK AT BRUCEVILLE, MD",39.61236,-77.23744,267.18,daymet_v1p2,39.60,224.00,264065862
01644000,02,"GOOSE CREEK NEAR LEESBURG, VA",39.01955,-77.57749,859.17,daymet_v1p2,39.00,161.00,859508492
01658500,02,"S F QUANTICO CREEK NEAR INDEPENDENT HILL, VA",38.58734,-77.42860,19.34,daymet_v1p2,38.55,104.00,19727273
01664000,02,"RAPPAHANNOCK RIVER AT REMINGTON, VA",38.53068,-77.81360,1605.10,daymet_v1p2,38.64,181.00,1602517339
01666500,02,"ROBINSON RIVER NEAR LOCUST DALE, VA",38.32513,-78.09556,463.15,daymet_v1p2,38.48,588.00,463409699
01667500,02,"RAPIDAN RIVER NEAR CULPEPER, VA",38.35041,-77.97500,1209.75,daymet_v1p2,38.42,826.00,1211596308
01669000,02,"PISCATAWAY CREEK NEAR TAPPAHANNOCK, VA",37.87708,-76.90052,71.84,daymet_v1p2,37.81,42.00,72229780
01669520,02,"DRAGON SWAMP AT MASCOT, VA",37.63375,-76.69635,277.39,daymet_v1p2,37.74,47.00,282188029
02011400,02,"JACKSON RIVER NEAR BACOVA, VA",38.04235,-79.88144,407.72,daymet_v1p2,38.27,890.00,406454317
02011460,02,"BACK CREEK NEAR SUNRISE, VA",38.24540,-79.76866,156.34,daymet_v1p2,38.30,940.00,157662853
02013000,02,"DUNLAP CREEK NEAR COVINGTON, VA",37.80290,-80.04700,424.78,daymet_v1p2,37.63,749.00,419398722
02014000,02,"POTTS CREEK NEAR COVINGTON, VA",37.72901,-80.04228,396.78,daymet_v1p2,37.64,582.00,396098793
02015700,02,"BULLPASTURE RIVER AT WILLIAMSVILLE, VA",38.19540,-79.57032,285.41,daymet_v1p2,38.28,793.00,284776910
02016000,02,"COWPASTURE RIVER NEAR CLIFTON FORGE, VA",37.79180,-79.75949,1194.55,daymet_v1p2,38.23,728.00,1193474141
02017500,02,"JOHNS CREEK AT NEW CASTLE, VA",37.50624,-80.10671,276.15,daymet_v1p2,37.35,711.00,271832505
02018000,02,"CRAIG CREEK AT PARR, VA",37.66596,-79.91144,852.34,daymet_v1p2,37.35,711.00,851741849
02027000,02,"TYE RIVER NEAR LOVINGSTON, VA",37.71542,-78.98169,240.77,daymet_v1p2,37.79,849.00,240765933
02027500,02,"PINEY RIVER AT PINEY RIVER, VA",37.70236,-79.02752,123.34,daymet_v1p2,37.73,961.00,123489624
02028500,02,"ROCKFISH RIVER NEAR GREENFIELD, VA",37.86959,-78.82335,245.45,daymet_v1p2,37.87,313.00,245425919
02038850,02,"HOLIDAY CREEK NEAR ANDERSONVILLE, VA",37.41542,-78.63584,22.00,daymet_v1p2,37.37,204.00,22109044
02046000,03,"STONY CREEK NEAR DINWIDDIE, VA",37.06709,-77.60249,288.52,daymet_v1p2,37.03,100.00,292543553
02051000,03,"NORTH MEHERRIN RIVER NEAR LUNENBURG, VA",36.99737,-78.34972,144.82,daymet_v1p2,36.99,163.00,144977336
02051500,03,"MEHERRIN RIVER NEAR LAWRENCEVILLE, VA",36.71681,-77.83166,1428.71,daymet_v1p2,36.87,132.00,1429062312
02053200,03,"POTECASI CREEK NEAR UNION, NC",36.37083,-77.02556,583.66,daymet_v1p2,36.35,31.00,582498225
02053800,03,"S F ROANOKE RIVER NEAR SHAWSVILLE, VA",37.14013,-80.26643,280.72,daymet_v1p2,37.10,924.00,282188029
02055100,03,"TINKER CREEK NEAR DALEVILLE, VA",37.41763,-79.93532,30.54,daymet_v1p2,37.38,427.00,30289908
02056900,03,"BLACKWATER RIVER NEAR ROCKY MOUNT, VA",37.04514,-79.84420,298.11,daymet_v1p2,37.08,652.00,297721315
02059500,03,"GOOSE CREEK NEAR HUDDLESTON, VA",37.17320,-79.52031,485.41,daymet_v1p2,37.34,360.00,486709628
02064000,03,"FALLING RIVER NEAR NARUNA, VA",37.12681,-78.95974,427.77,daymet_v1p2,37.24,226.00,427165365
02065500,03,"CUB CREEK AT PHENIX, VA",37.07931,-78.76362,252.58,daymet_v1p2,37.16,188.00,252674786
02069700,03,"SOUTH MAYO RIVER NEAR NETTLERIDGE, VA",36.57097,-80.12949,221.13,daymet_v1p2,36.61,493.00,221349326
02070000,03,"NORTH MAYO RIVER NEAR SPENCER, VA",36.56819,-79.98726,270.61,daymet_v1p2,36.64,375.00,279599148
02074500,03,"SANDY RIVER NEAR DANVILLE, VA",36.61958,-79.50419,288.53,daymet_v1p2,36.60,266.00,287365791
02077200,03,"HYCO CREEK NEAR LEASBURG, NC",36.39778,-79.19667,121.69,daymet_v1p2,36.23,196.00,118829638
02081113,03,,,,,daymet_v1p2,1980 01 03 12	34560.00	0.00	263.65	0.00	8.59	-3.37	477.79,1980 01 04 12	34560.00	1.39	226.63	0.00	8.23	-2.42	520.00,1980 01 05 12	34560.00	13.18	156.18	0.00	6.64	-1.50	560.00
02081500,03,"TAR RIVER NEAR TAR RIVER, NC",36.19417,-78.58306,428.37,daymet_v1p2,36.28,167.00,432343127
02082950,03,"LITTLE FISHING CREEK NEAR WHITE OAK, NC",36.18333,-77.87611,460.85,daymet_v1p2,36.35,94.00,458231937
02092500,03,"TRENT RIVER NEAR TRENTON, NC",35.06417,-77.46139,447.58,daymet_v1p2,34.98,27.00,434932008
02096846,03,"CANE CREEK NEAR ORANGE GROVE, NC",35.98722,-79.20611,19.57,daymet_v1p2,35.95,196.00,19520163
02102908,03,"FLAT CREEK NEAR INVERNESS, NC",35.18278,-79.17750,19.73,daymet_v1p2,35.10,106.00,19753162
02108000,03,"NORTHEAST CAPE FEAR RIVER NEAR CHINQUAPIN, NC",34.82889,-77.83222,1569.48,daymet_v1p2,34.78,11.00,1550739719
02111180,03,"ELK CREEK AT ELKVILLE, NC",36.07139,-81.40306,131.47,daymet_v1p2,36.13,702.00,131774043
02111500,03,"REDDIES RIVER AT NORTH WILKESBORO, NC",36.17500,-81.16889,233.66,daymet_v1p2,36.27,733.00,230928185
02112120,03,"ROARING RIVER NEAR ROARING RIVER, NC",36.25028,-81.04444,322.27,daymet_v1p2,36.33,582.00,331376768
02112360,03,"MITCHELL RIVER NEAR STATE ROAD, NC",36.31139,-80.80722,205.30,daymet_v1p2,36.39,468.00,204003823
02118500,03,"HUNTING CREEK NEAR HARMONY, NC",36.00056,-80.74556,400.53,daymet_v1p2,36.07,343.00,401276555
02125000,03,"BIG BEAR CR NR RICHFIELD, NC",35.33472,-80.33556,144.55,daymet_v1p2,35.34,198.00,143941784
02128000,03,"LITTLE RIVER NEAR STAR, NC",35.38722,-79.83139,273.48,daymet_v1p2,35.51,213.00,274421386
02137727,03,"CATAWBA R NR PLEASANT GARDENS, NC",35.68583,-82.06028,329.54,daymet_v1p2,35.60,694.00,326199006
02140991,03,"JOHNS RIVER AT ARNEYS STORE, NC",35.83361,-81.71194,521.99,daymet_v1p2,36.03,663.00,520365081
02143000,03,"HENRY FORK NEAR HENRY RIVER, NC",35.68444,-81.40333,216.67,daymet_v1p2,35.59,497.00,215394899
02143040,03,"JACOB FORK AT RAMSEY, NC",35.59069,-81.56704,66.48,daymet_v1p2,35.54,543.00,66534242
02149000,03,"COVE CREEK NEAR LAKE LURE, NC",35.42345,-82.11150,203.85,daymet_v1p2,35.49,431.00,204521599
02152100,03,"FIRST BROAD RIVER NEAR CASAR, NC",35.49306,-81.68222,154.99,daymet_v1p2,35.49,438.00,156627301
02177000,03,"CHATTOOGA RIVER NEAR CLAYTON, GA",34.81398,-83.30599,526.77,daymet_v1p2,35.01,944.00,535898367
02178400,03,"TALLULAH RIVER NEAR CLAYTON, GA",34.89037,-83.53044,151.28,daymet_v1p2,34.97,1237.00,146271777
02193340,03,"KETTLE CREEK NEAR WASHINGTON, GA",33.68263,-82.85792,87.87,daymet_v1p2,33.70,180.00,87763066
02196000,03,"STEVENS CREEK NEAR MODOC, SC",33.72930,-82.18179,1408.38,daymet_v1p2,34.01,158.00,1410940145
02198100,03,"BEAVERDAM CREEK NEAR SARDIS, GA",32.93766,-81.81539,79.49,daymet_v1p2,32.92,82.00,79737535
02202600,03,"BLACK CREEK NEAR BLITCHTON, GA",32.16798,-81.48817,590.47,daymet_v1p2,32.33,56.00,600620392
02212600,03,"FALLING CREEK NEAR JULIETTE, GA",33.09985,-83.72351,187.96,daymet_v1p2,33.13,159.00,186917208
02215100,03,"TUCSAWHATCHEE CREEK NEAR HAWKINSVILLE, GA",32.23944,-83.50167,420.29,daymet_v1p2,32.30,139.00,421987603
02216180,03,"TURNPIKE CREEK NEAR MCRAE, GA",31.99139,-82.92194,129.11,daymet_v1p2,32.01,96.00,127372945
02221525,03,"MURDER CREEK BELOW EATONTON, GA",33.25236,-83.48128,490.80,daymet_v1p2,33.38,199.00,491887390
02231000,03,"ST. MARYS RIVER NR MACCLENNY, FLA.",30.35885,-82.08150,1748.37,daymet_v1p2,30.57,36.00,1812216700
02231342,03,"FT DRUM CREEK AT SUNSHINE ST PKY NEAR FT DRUM, FL",27.56865,-80.79617,111.56,daymet_v1p2,27.52,20.00,136175141
02235200,03,"BLACKWATER CREEK NEAR CASSIA, FL",28.87453,-81.48938,297.70,daymet_v1p2,28.91,17.00,326199006
02245500,03,"SOUTH FORK BLACK CREEK NR PENNEY FARMS, FLA.",29.97941,-81.85204,348.43,daymet_v1p2,29.87,32.00,346910054
02246000,03,"NORTH FORK BLACK CREEK NR MIDDLEBURG, FLA.",30.11330,-81.90649,451.06,daymet_v1p2,30.01,45.00,458231937
02296500,03,CHARLIE CREEK NEAR GARDNER FL,27.37504,-81.79647,886.40,daymet_v1p2,27.59,28.00,854330730
02297155,03,HORSE CREEK NEAR MYAKKA HEAD FL,27.48726,-82.02342,93.60,daymet_v1p2,27.53,35.00,108733002
02297310,03,HORSE CREEK NEAR ARCADIA FL,27.19949,-81.98842,528.38,daymet_v1p2,27.53,35.00,564376058
02298123,03,PRAIRIE CREEK NEAR FORT OGDEN FL,27.05200,-81.78453,540.65,daymet_v1p2,27.15,19.00,603209273
02298608,03,MYAKKA RIVER AT MYAKKA CITY FL,27.34366,-82.15676,312.34,daymet_v1p2,27.41,22.00,323610125
02299950,03,MANATEE RIVER NEAR MYAKKA HEAD FL,27.47365,-82.21120,174.27,daymet_v1p2,27.54,34.00,169053929
02300700,03,BULLFROG CREEK NEAR WIMAUMA FL,27.79197,-82.35204,73.84,daymet_v1p2,27.74,24.00,75336437
02310947,03,"WITHLACOOCHEE RIVER NEAR CUMPRESSCO, FLA.",28.31195,-82.05591,649.56,daymet_v1p2,28.19,39.00,724886680
02312200,03,"LITTLE WITHLACOOCHEE RIVER AT RERDELL, FLA.",28.57277,-82.15536,413.48,daymet_v1p2,28.50,28.00,375387745
02314500,03,"SUWANNEE RIVER AT US 441, AT FARGO, GA",30.68056,-82.56056,3322.15,daymet_v1p2,31.11,54.00,2925435530
02315500,03,"SUWANNEE RIVER AT WHITE SPRINGS, FLA.",30.32578,-82.73818,6136.26,daymet_v1p2,31.11,54.00,6290980830
02324400,03,"FENHOLLOWAY RIVER NEAR FOLEY, FLA.",30.09827,-83.47181,176.27,daymet_v1p2,30.14,28.00,155332860
02327100,03,"SOPCHOPPY RIVER NR SOPCHOPPY, FLA.",30.12937,-84.49435,271.12,daymet_v1p2,30.26,27.00,264065862
02342933,03,SOUTH FORK COWIKEE CREEK NEAR BATESVILLE AL,32.01766,-85.29577,290.10,daymet_v1p2,31.94,118.00,289954672
02349900,03,"TURKEY CREEK AT BYROMVILLE, GA",32.19556,-83.90222,122.87,daymet_v1p2,32.20,123.00,116499645
02350900,03,"KINCHAFOONEE CREEK NEAR DAWSON, GA",31.76444,-84.25333,1365.12,daymet_v1p2,31.97,151.00,1364340287
02361000,03,"CHOCTAWHATCHEE RIVER NEAR NEWTON, AL.",31.34295,-85.61049,1781.61,daymet_v1p2,31.56,117.00,1775972366
02363000,03,PEA RIVER NEAR ARITON AL,31.59489,-85.78300,1292.51,daymet_v1p2,31.76,132.00,1289262738
02369800,03,BLACKWATER RIVER NEAR BRADLEY AL,31.02768,-86.70996,227.51,daymet_v1p2,31.05,69.00,227044864
02371500,03,CONECUH RIVER AT BRANTLEY AL,31.57350,-86.25162,1292.79,daymet_v1p2,31.80,143.00,1294440500
02372250,03,PATSALIGA CREEK NEAR BRANTLEY AL,31.59627,-86.40552,1145.22,daymet_v1p2,31.82,138.00,1144285402
02374500,03,MURDER CREEK NEAR EVERGREEN AL,31.41850,-86.98664,445.72,daymet_v1p2,31.60,132.00,455643056
02381600,03,"FAUSETT CREEK NEAR TALKING ROCK, GA",34.57037,-84.46882,10.32,daymet_v1p2,34.53,478.00,25862921
02384540,03,"MILL CREEK NEAR CRANDALL, GA",34.87202,-84.72133,21.37,daymet_v1p2,34.83,772.00,19882606
02395120,03,"TWO RUN CREEK NEAR KINGSTON, GA",34.24278,-84.88972,84.01,daymet_v1p2,34.24,264.00,85691961
02408540,03,HATCHET CREEK BELOW ROCKFORD AL,32.91679,-86.27025,682.41,daymet_v1p2,33.20,297.00,680875703
02415000,03,HILLABEE CREEK NEAR HACKNEYVILLE AL,33.06679,-85.87913,491.38,daymet_v1p2,33.17,293.00,491887390
02422500,03,MULBERRY CREEK AT JONES AL,32.58291,-86.90360,527.55,daymet_v1p2,32.83,174.00,525542843
02427250,03,"PINE BARREN CREEK NEAR SNOW HILL, AL.",31.99626,-87.06832,675.24,daymet_v1p2,31.77,103.00,675697941
02430085,03,"RED BUD CREEK NR MOORES MILL, MS",34.46667,-88.28361,40.56,daymet_v1p2,34.43,146.00,40645432
02430615,03,"MUD CREEK NR FAIRVIEW, MS",34.39250,-88.35500,28.71,daymet_v1p2,34.36,124.00,28736579
02450250,03,SIPSEY FORK NEAR GRAYSON AL,34.28538,-87.39891,231.83,daymet_v1p2,34.28,257.00,238435940
02464000,03,NORTH RIVER NEAR SAMANTHA AL,33.47928,-87.59723,578.94,daymet_v1p2,33.71,165.00,577320463
02464146,03,TURKEY CREEK NEAR TUSCALOOSA,33.41345,-87.51056,15.82,daymet_v1p2,33.36,145.00,15947507
02464360,03,BINION CREEK BELOW GIN CREEK NEAR SAMANTHA AL,33.42484,-87.64251,148.62,daymet_v1p2,33.42,114.00,148083993
02465493,03,ELLIOTTS CREEK AT MOUNDVILLE AL,32.99735,-87.62223,83.42,daymet_v1p2,32.91,100.00,83620856
02469800,03,SATILPA CREEK NEAR COFFEEVILLE AL,31.74432,-88.02251,422.68,daymet_v1p2,31.76,72.00,424576484
02472000,03,"LEAF RIVER NR COLLINS, MS",31.70694,-89.40694,1927.13,daymet_v1p2,32.13,137.00,1923538583
02472500,03,"BOUIE CREEK NR HATTIESBURG, MS",31.42583,-89.41472,789.94,daymet_v1p2,31.40,93.00,787019824
02479155,03,"CYPRESS CREEK NR JANICE, MS",31.02528,-89.01667,137.28,daymet_v1p2,31.06,68.00,136175141
02479300,03,"RED CREEK AT VESTRY, MS",30.73611,-88.78111,1144.20,daymet_v1p2,30.87,72.00,1141696521
02479560,03,ESCATAWPA RIVER NEAR AGRICOLA MS,30.80908,-88.45863,1454.33,daymet_v1p2,31.29,65.00,1454951122
02481000,03,"BILOXI RIVER AT WORTHAM, MS",30.55861,-89.12194,249.23,daymet_v1p2,30.71,63.00,249050352
02481510,03,"WOLF RIVER NR LANDON, MS",30.48361,-89.27444,800.66,daymet_v1p2,30.95,99.00,797375348
03010655,05,"Oswayo Creek at Shinglehouse, PA",41.96173,-78.19807,254.44,daymet_v1p2,41.87,628.00,255522555
03011800,05,"Kinzua Creek near Guffey, PA",41.76645,-78.71864,100.10,daymet_v1p2,41.68,640.00,100448583
03015500,05,"Brokenstraw Creek at Youngsville, PA",41.85256,-79.31727,784.85,daymet_v1p2,41.91,477.00,831030801
03021350,05,"French Creek near Wattsburg, PA",42.01533,-79.78255,239.67,daymet_v1p2,42.01,488.00,238177052
03026500,05,"Sevenmile Run near Rasselas, PA",41.63117,-78.57669,20.31,daymet_v1p2,41.61,640.00,20296827
03028000,05,"West Branch Clarion River at Wilcox, PA",41.57534,-78.69225,161.11,daymet_v1p2,41.57,604.00,163099503
03049000,05,"Buffalo Creek near Freeport, PA",40.71590,-79.69949,357.15,daymet_v1p2,40.82,384.00,354676697
03049800,05,"Little Pine Creek near Etna, PA",40.52035,-79.93811,14.89,daymet_v1p2,40.48,342.00,14963732
03050000,05,"TYGART VALLEY RIVER NEAR DAILEY, WV",38.80927,-79.88173,487.29,daymet_v1p2,38.45,937.00,478942985
03066000,05,"BLACKWATER R AT DAVIS, WV",39.12705,-79.46838,222.79,daymet_v1p2,39.01,988.00,222384878
03069500,05,"CHEAT RIVER NEAR PARSONS, WV",39.12288,-79.68117,1856.85,daymet_v1p2,39.01,988.00,1869172082
03070500,05,"BIG SANDY CREEK AT ROCKVILLE, WV",39.61564,-79.70477,517.38,daymet_v1p2,39.63,592.00,517776200
03076600,05,"BEAR CREEK AT FRIENDSVILLE, MD",39.65614,-79.39411,127.40,daymet_v1p2,39.60,770.00,126596281
03078000,05,"CASSELMAN RIVER AT GRANTSVILLE, MD",39.70219,-79.13639,161.48,daymet_v1p2,39.60,808.00,161805063
03140000,05,Mill Creek near Coshocton OH,40.36285,-81.86236,70.35,daymet_v1p2,40.36,302.00,70417563
03144000,05,Wakatomika Creek near Frazeysburg OH,40.13257,-82.14792,363.41,daymet_v1p2,40.23,333.00,362443340
03159540,05,Shade River near Chester OH,39.06369,-81.88180,400.85,daymet_v1p2,39.09,246.00,403865436
03161000,05,"SOUTH FORK NEW RIVER NEAR JEFFERSON, NC",36.39333,-81.40694,527.86,daymet_v1p2,36.12,1066.00,530720605
03164000,05,"NEW RIVER NEAR GALAX, VA",36.64735,-80.97897,2952.74,daymet_v1p2,36.12,1066.00,2953913221
03165000,05,"CHESTNUT CREEK AT GALAX, VA",36.64596,-80.91924,102.00,daymet_v1p2,36.50,800.00,102001911
03170000,05,"LITTLE RIVER AT GRAYSONTOWN, VA",37.03763,-80.55672,794.64,daymet_v1p2,36.78,803.00,799964229
03173000,05,"WALKER CREEK AT BANE, VA",37.26818,-80.70951,773.32,daymet_v1p2,36.99,869.00,774075419
03180500,05,"GREENBRIER RIVER AT DURBIN, WV",38.54373,-79.83312,345.06,daymet_v1p2,38.54,1088.00,344321173
03182500,05,"GREENBRIER RIVER AT BUCKEYE, WV",38.18595,-80.13062,1364.97,daymet_v1p2,38.54,1088.00,1397995740
03186500,05,"WILLIAMS RIVER AT DYER, WV",38.37900,-80.48397,329.68,daymet_v1p2,38.27,1160.00,331376768
03187500,05,"CRANBERRY RIVER NEAR RICHWOOD, WV",38.29539,-80.52648,207.41,daymet_v1p2,38.17,1139.00,208146032
03213700,05,"TUG FORK AT WILLIAMSON, WV",37.67316,-82.28014,2425.06,daymet_v1p2,37.39,492.00,2423192616
03237280,05,Upper Twin Creek at McGaw OH,38.64369,-83.21574,32.95,daymet_v1p2,38.62,295.00,31584348
03237500,05,Ohio Brush Creek near West Union OH,38.80368,-83.42102,1003.21,daymet_v1p2,38.88,297.00,1001896947
03238500,05,White Oak Creek near Georgetown OH,38.85813,-83.92854,568.50,daymet_v1p2,39.04,319.00,564376058
03241500,05,Massies Creek at Wilberforce OH,39.72284,-83.88271,170.91,daymet_v1p2,39.70,337.00,163617279
03280700,05,"CUTSHIN CREEK AT WOOTON, KY",37.16509,-83.30796,158.22,daymet_v1p2,37.04,462.00,158698405
03281100,05,"GOOSE CREEK AT MANCHESTER, KY",37.15203,-83.76020,422.72,daymet_v1p2,36.98,424.00,421987603
03281500,05,"SOUTH FORK KENTUCKY RIVER AT BOONEVILLE, KY",37.47981,-83.67519,1838.22,daymet_v1p2,37.25,381.00,1869172082
03285000,05,"DIX RIVER NEAR DANVILLE, KY",37.64202,-84.66078,822.34,daymet_v1p2,37.40,334.00,823264158
03291780,05,"INDIAN-KENTUCK CREEK NR CANAAN, IND.",38.87811,-85.25718,71.41,daymet_v1p2,38.85,285.00,71194228
03300400,05,"BEECH FORK AT MAUD, KY",37.83284,-85.29607,1128.58,daymet_v1p2,37.58,268.00,1128752116
03338780,05,"NORTH FORK VERMILION RIVER NEAR BISMARCK, IL",40.26531,-87.64280,691.56,daymet_v1p2,40.21,205.00,678286822
03340800,05,BIG RACCOON CREEK NEAR FINCASTLE IND,39.81255,-86.95390,357.65,daymet_v1p2,39.93,283.00,359854459
03346000,05,"NORTH FORK EMBARRAS RIVER NEAR OBLONG, IL",39.01004,-87.94559,814.69,daymet_v1p2,39.10,169.00,823264158
03357350,05,"PLUM CREEK NEAR BAINBRIDGE, IND.",39.76171,-86.72945,7.75,daymet_v1p2,39.67,265.00,7766643
03364500,05,"CLIFTY CREEK AT HARTSVILLE, IN",39.27477,-85.70165,237.09,daymet_v1p2,39.40,309.00,236623723
03366500,05,"MUSCATATUCK RIVER NEAR DEPUTY, IN",38.80422,-85.67386,755.22,daymet_v1p2,38.74,256.00,758542133
03368000,05,"BRUSH CREEK NEAR NEBRASKA, IN",39.07033,-85.48608,29.72,daymet_v1p2,39.04,252.00,29513243
03384450,05,"LUSK CREEK NEAR EDDYVILLE, IL",37.47227,-88.54727,111.13,daymet_v1p2,37.46,191.00,111062995
03439000,06,"FRENCH BROAD RIVER AT ROSMAN, NC",35.14333,-82.82472,178.67,daymet_v1p2,35.10,854.00,175785020
03448942,06,,,,,daymet_v1p2,1980 01 03 12	34905.54	0.00	335.25	0.00	6.88	-4.92	426.13,1980 01 04 12	34905.60	2.32	246.94	0.00	3.67	-4.90	422.28,1980 01 05 12	34905.60	2.00	156.70	0.00	-2.48	-6.99	361.68
03450000,06,"BEETREE CREEK NEAR SWANNANOA, NC",35.65306,-82.40528,14.08,daymet_v1p2,35.62,1218.00,14135290
03455500,06,"W F PIGEON R ABOVE LAKE LOGAN NR HAZELWOOD, NC",35.39611,-82.93750,72.95,daymet_v1p2,35.27,1585.00,71453116
03456500,06,"EAST FORK PIGEON RIVER NEAR CANTON, NC",35.46167,-82.86972,133.43,daymet_v1p2,35.27,1568.00,133327372
03460000,06,"CATALOOCHEE CREEK NEAR CATALOOCHEE, NC",35.66750,-83.07361,127.02,daymet_v1p2,35.60,1381.00,127372945
03463300,06,"SOUTH TOE RIVER NEAR CELO, NC",35.83151,-82.18429,112.16,daymet_v1p2,35.66,1442.00,112098547
03471500,06,"S F HOLSTON RIVER AT RIVERSIDE NR CHILHOWIE, VA",36.76039,-81.63123,198.16,daymet_v1p2,36.72,872.00,198308285
03473000,06,"S F HOLSTON RIVER NEAR DAMASCUS, VA",36.65178,-81.84401,784.81,daymet_v1p2,36.57,658.00,784430943
03479000,06,"WATAUGA RIVER NEAR SUGAR GROVE, NC",36.23917,-81.82222,235.60,daymet_v1p2,36.07,1079.00,238435940
03488000,06,"N F HOLSTON RIVER NEAR SALTVILLE, VA",36.89678,-81.74623,578.21,daymet_v1p2,36.95,811.00,572142701
03498500,06,"LITTLE RIVER NEAR MARYVILLE, TN",35.78562,-83.88460,696.76,daymet_v1p2,35.73,344.00,696408989
03500000,06,"LITTLE TENNESSEE RIVER NEAR PRENTISS, NC",35.15000,-83.37972,361.14,daymet_v1p2,34.91,850.00,362443340
03500240,06,"CARTOOGECHAYE CREEK NEAR FRANKLIN, NC",35.15889,-83.39417,145.86,daymet_v1p2,35.04,791.00,147825105
03504000,06,"NANTAHALA RIVER NEAR RAINBOW SPRINGS, NC",35.12750,-83.61861,134.52,daymet_v1p2,35.07,1225.00,134362924
03574500,06,PAINT ROCK RIVER NEAR WOODVILLE AL,34.62425,-86.30637,813.80,daymet_v1p2,34.95,398.00,828441920
03592718,06,"LITTLE YELLOW CREEK EAST NR BURNSVILLE, MS",34.83556,-88.28806,66.99,daymet_v1p2,34.71,162.00,63945361
03604000,06,"BUFFALO RIVER NEAR FLAT WOODS, TN",35.49591,-87.83280,1163.03,daymet_v1p2,35.35,294.00,1157229807
04015330,04,"KNIFE RIVER NEAR TWO HARBORS, MN",46.94688,-91.79240,224.35,daymet_v1p2,46.88,327.00,216430452
04024430,04,"NEMADJI RIVER NEAR SOUTH SUPERIOR, WI",46.63327,-92.09408,1091.25,daymet_v1p2,46.49,307.00,1087330020
04027000,04,"BAD RIVER NEAR ODANAH, WI",46.48661,-90.69630,1619.85,daymet_v1p2,46.25,493.00,1545561957
04040500,04,"STURGEON RIVER NEAR SIDNAW, MI",46.58411,-88.57597,419.83,daymet_v1p2,46.54,530.00,442698651
04043050,04,"TRAP ROCK RIVER NEAR LAKE LINDEN, MI",47.22854,-88.38539,76.62,daymet_v1p2,47.20,257.00,72488668
04045500,04,"TAHQUAMENON RIVER NEAR PARADISE, MI",46.57502,-85.26955,1909.59,daymet_v1p2,46.25,258.00,2045215990
04056500,04,"MANISTIQUE RIVER NEAR MANISTIQUE, MI",46.03053,-86.16125,2945.89,daymet_v1p2,46.35,264.00,2847769100
04057510,04,"STURGEON RIVER NEAR NAHMA JUNCTION, MI",45.94302,-86.70570,473.57,daymet_v1p2,46.18,260.00,473765223
04057800,04,"MIDDLE BRANCH ESCANABA RIVER AT HUMBOLDT, MI",46.49910,-87.88652,115.87,daymet_v1p2,46.46,497.00,119088526
04059500,04,"FORD RIVER NEAR HYDE, MI",45.75552,-87.20152,1184.37,daymet_v1p2,46.03,424.00,1164996450
04063700,04,"POPPLE RIVER NEAR FENCE, WI",45.76357,-88.46318,362.57,daymet_v1p2,45.68,487.00,359854459
04074950,04,"WOLF RIVER AT LANGLADE, WI",45.18997,-88.73344,1205.53,daymet_v1p2,45.34,485.00,1198651903
04105700,04,"AUGUSTA CREEK NEAR AUGUSTA, MI",42.35337,-85.35389,98.04,daymet_v1p2,42.39,285.00,100707471
04115265,04,"FISH CREEK NEAR CRYSTAL, MI",43.24976,-84.98113,95.78,daymet_v1p2,43.27,276.00,102778576
04122200,04,"WHITE RIVER NEAR WHITEHALL, MI",43.46418,-86.23257,1048.28,daymet_v1p2,43.39,220.00,1051085686
04122500,04,"PERE MARQUETTE RIVER AT SCOTTVILLE, MI",43.94501,-86.27869,1769.19,daymet_v1p2,43.63,260.00,1763027961
04124000,04,"MANISTEE RIVER NEAR SHERMAN, MI",44.43639,-85.69868,2243.63,daymet_v1p2,44.74,401.00,2218671017
04127918,04,"PINE RIVER NEAR RUDYARD, MI",46.18585,-84.59783,548.29,daymet_v1p2,46.21,265.00,522953962
04127997,04,"STURGEON RIVER AT WOLVERINE, MI",45.27446,-84.60003,487.16,daymet_v1p2,45.03,326.00,497065152
04161580,04,"STONY CREEK NEAR ROMEO, MI",42.80086,-83.09021,64.31,daymet_v1p2,42.76,299.00,66275354
04185000,04,Tiffin River at Stryker OH,41.50450,-84.42967,1064.00,daymet_v1p2,41.90,325.00,1061441210
04196800,04,Tymochtee Creek at Crawford OH,40.92283,-83.34881,608.07,daymet_v1p2,40.58,275.00,592853749
04197100,04,Honey Creek at Melmore OH,41.02228,-83.10964,388.21,daymet_v1p2,40.85,301.00,385743269
04197170,04,Rock Creek at Tiffin OH,41.11367,-83.16825,95.21,daymet_v1p2,41.06,276.00,89575283
04213000,04,Conneaut Creek at Conneaut OH,41.92700,-80.60397,455.30,daymet_v1p2,41.66,335.00,453054175
04213075,04,"Brandy Run near Girard, PA",41.99200,-80.29117,11.65,daymet_v1p2,41.94,274.00,11520520
04216418,04,TONAWANDA CREEK AT ATTICA NY,42.86395,-78.28363,196.47,daymet_v1p2,42.68,450.00,199084949
04221000,04,GENESEE RIVER AT WELLSVILLE NY,42.12229,-77.95722,750.88,daymet_v1p2,41.88,657.00,745597728
04224775,04,CANASERAGA CREEK ABOVE DANSVILLE NY,42.53562,-77.70416,231.84,daymet_v1p2,42.41,513.00,230151521
04233000,04,CAYUGA INLET NEAR ITHACA NY,42.39313,-76.54494,91.90,daymet_v1p2,42.27,330.00,91128611
04256000,04,INDEPENDENCE RIVER AT DONNATTSBURG NY,43.74729,-75.33435,232.45,daymet_v1p2,43.71,591.00,229633745
04296000,01,"BLACK RIVER AT COVENTRY, VT",44.86894,-72.27010,302.19,daymet_v1p2,44.59,388.00,315843482
05056000,09,"SHEYENNE RIVER NR WARWICK, ND",47.80555,-98.71622,4862.02,daymet_v1p2,47.64,509.00,1967549560
05057000,09,"SHEYENNE RIVER NR COOPERSTOWN, ND",47.43277,-98.02760,7582.46,daymet_v1p2,47.95,458.00,3287878870
05057200,09,"BALDHILL CREEK NR DAZEY, ND",47.22916,-98.12482,1897.33,daymet_v1p2,47.42,459.00,908697231
05062500,09,"WILD RICE RIVER AT TWIN VALLEY, MN",47.26663,-96.24478,2407.05,daymet_v1p2,47.32,463.00,2418014854
05087500,09,"MIDDLE RIVER AT ARGYLE, MN",48.34109,-96.81812,600.82,daymet_v1p2,48.32,349.00,660164655
05120500,09,"WINTERING RIVER NR KARLSRUHE, ND",48.13834,-100.53986,1509.83,daymet_v1p2,48.03,470.00,737831085
05123400,09,"WILLOW CREEK NR WILLOW CITY, ND",48.58889,-100.44208,3206.10,daymet_v1p2,48.73,489.00,1889883130
05129115,09,"VERMILION RIVER NR CRANE LAKE, MN",48.26463,-92.56599,2357.59,daymet_v1p2,48.03,411.00,2342937305
05131500,09,"LITTLE FORK RIVER AT LITTLEFORK, MN",48.39578,-93.54933,4383.51,daymet_v1p2,48.09,416.00,4349320080
05291000,07,"WHETSTONE RIVER NEAR BIG STONE CITY, SD",45.29163,-96.48756,1046.78,daymet_v1p2,45.16,530.00,1030374638
05362000,07,"JUMP RIVER AT SHELDON, WI",45.30803,-90.95652,1477.29,daymet_v1p2,45.53,464.00,1491195456
05393500,07,"SPIRIT RIVER AT SPIRIT FALLS, WI",45.44913,-89.97931,220.44,daymet_v1p2,45.34,507.00,211252690
05399500,07,"BIG EAU PLEINE RIVER AT STRATFORD, WI",44.82191,-90.07958,576.30,daymet_v1p2,44.95,438.00,579909344
05408000,07,"KICKAPOO RIVER AT LA FARGE, WI",43.57414,-90.64319,689.33,daymet_v1p2,43.74,351.00,688642346
05412500,07,"Turkey River at Garber, IA",42.73999,-91.26180,3858.21,daymet_v1p2,43.16,366.00,3999821145
05413500,07,"GRANT RIVER AT BURTON, WI",42.72027,-90.81929,695.33,daymet_v1p2,42.84,322.00,696408989
05414000,07,"PLATTE RIVER NEAR ROCKVILLE, WI",42.73110,-90.64041,370.79,daymet_v1p2,42.83,326.00,367621102
05444000,07,"ELKHORN CREEK NEAR PENROSE, IL",41.90281,-89.69622,376.35,daymet_v1p2,41.92,260.00,377976626
05454000,07,"Rapid Creek near Iowa City, IA",41.70002,-91.48767,65.38,daymet_v1p2,41.66,244.00,65498689
05458000,07,"Little Cedar River near Ionia, IA",43.03328,-92.50354,776.76,daymet_v1p2,43.49,406.00,792197586
05466500,07,"EDWARDS RIVER NEAR NEW BOSTON, IL",41.18698,-90.96737,1151.57,daymet_v1p2,41.14,245.00,1152052045
05487980,07,"White Breast Creek near Dallas, IA",41.24688,-93.26607,882.73,daymet_v1p2,40.94,340.00,862097373
05488200,07,"English Creek near Knoxville, IA",41.30055,-93.04548,234.21,daymet_v1p2,41.07,292.00,233258178
05489000,07,"Cedar Creek near Bussey, IA",41.21900,-92.90853,964.76,daymet_v1p2,40.93,300.00,968241494
05495000,07,"Fox River at Wayland, MO",40.39241,-91.59788,1027.55,daymet_v1p2,40.48,216.00,1035552400
05495500,07,"BEAR CREEK NEAR MARCELLINE, IL",40.14282,-91.33737,905.56,daymet_v1p2,40.02,215.00,903519469
05501000,07,"North River at Palmyra, MO",39.81799,-91.51770,922.83,daymet_v1p2,39.87,225.00,916463874
05503800,07,"Crooked Creek near Paris, MO",39.58483,-91.99349,212.64,daymet_v1p2,39.64,240.00,207110480
05507600,07,"Lick Creek at Perry, MO",39.43143,-91.67627,275.38,daymet_v1p2,39.21,234.00,269243624
05508805,07,"Spencer Cr. bl Plum Cr. nr Frankford, MO",39.52046,-91.34275,536.40,daymet_v1p2,39.29,229.00,533309486
05514500,07,"CUIVRE RIVER NEAR TROY, MO",39.00880,-90.97754,2407.41,daymet_v1p2,39.23,238.00,2337759543
05525500,07,"SUGAR CREEK AT MILFORD, IL",40.63004,-87.72392,1158.76,daymet_v1p2,40.40,214.00,1154640926
05556500,07,"BIG BUREAU CREEK AT PRINCETON, IL",41.36587,-89.49843,505.09,daymet_v1p2,41.47,237.00,507420676
05584500,07,"LA MOINE RIVER AT COLMAR, IL",40.33032,-90.89624,1695.67,daymet_v1p2,40.27,186.00,1695717055
05585000,07,"LA MOINE RIVER AT RIPLEY, IL",40.02477,-90.63179,3354.61,daymet_v1p2,40.32,198.00,3347423133
05591550,07,"WHITLEY CREEK NEAR ALLENVILLE, IL",39.50670,-88.52756,96.21,daymet_v1p2,39.43,213.00,89575283
05592050,07,"ROBINSON CREEK NEAR SHELBYVILLE, IL",39.40587,-88.89646,254.12,daymet_v1p2,39.46,211.00,241024821
05592575,07,"HICKORY CREEK NEAR BROWNSTOWN, IL",38.93699,-88.95284,115.25,daymet_v1p2,38.91,180.00,114428540
05593575,07,"LITTLE CROOKED CREEK NEAR NEW MINDEN, IL",38.44172,-89.41675,217.67,daymet_v1p2,38.31,143.00,218242668
05593900,07,"EAST FORK SHOAL CREEK NEAR COFFEEN, IL",39.14894,-89.35231,145.45,daymet_v1p2,39.21,211.00,143682896
05595730,07,"RAYSE CREEK NEAR WALTONVILLE, IL",38.25394,-89.03979,236.76,daymet_v1p2,38.33,161.00,227821528
06037500,10,Madison River near West Yellowstone MT,44.65687,-111.06827,1126.25,daymet_v1p2,44.32,2537.00,1087330020
06043500,10,Gallatin River near Gallatin Gateway MT,45.49743,-111.27051,2120.42,daymet_v1p2,45.35,2513.00,2135826825
06154410,10,Little Peoples Creek near Hays MT,47.96610,-108.66071,33.41,daymet_v1p2,47.86,1309.00,33655453
06188000,10,"LAMAR RIVER NR TOWER FALLS RANGER STATION, YNP",44.92772,-110.39381,1730.28,daymet_v1p2,45.11,2769.00,1708661460
06191500,10,Yellowstone River at Corwin Springs MT,45.11188,-110.79438,6783.59,daymet_v1p2,45.11,2769.00,6780279339
06221400,10,"DINWOODY CREEK ABOVE LAKES, NEAR BURRIS, WYO.",43.34551,-109.41014,227.88,daymet_v1p2,43.14,3521.00,228339304
06224000,10,"BULL LAKE CREEK ABOVE BULL LAKE, WY",43.17690,-109.20291,484.86,daymet_v1p2,43.02,3354.00,484120747
06278300,10,"SHELL CREEK ABOVE SHELL CREEK RESERVOIR, WY",44.50802,-107.40369,58.85,daymet_v1p2,44.40,3023.00,59803151
06280300,10,"SOUTH FORK SHOSHONE RIVER NEAR VALLEY, WY",44.20828,-109.55489,793.95,daymet_v1p2,44.00,3202.00,768897657
06289000,10,Little Bighorn River at State Line nr Wyola MT,45.00691,-107.61509,471.27,daymet_v1p2,44.75,2716.00,471176342
06291500,10,Lodge Grass Cr ab Willow C Div nr Wyola MT,45.12644,-107.60054,217.96,daymet_v1p2,44.89,2539.00,208922697
06311000,10,"NORTH FORK POWDER RIVER NEAR HAZELTON, WY",44.02774,-107.08089,61.23,daymet_v1p2,43.97,2673.00,63427584
06332515,10,"BEAR DEN CREEK NR MANDAREE, ND",47.78724,-102.76853,191.49,daymet_v1p2,47.67,714.00,191577194
06339100,10,"KNIFE RIVER AT MANNING, ND",47.23613,-102.76991,529.14,daymet_v1p2,47.24,785.00,530720605
06339500,10,"KNIFE RIVER NR GOLDEN VALLEY, ND",47.15445,-102.05989,3171.46,daymet_v1p2,47.24,785.00,3184323630
06344600,10,"GREEN RIVER NR NEW HRADEC, ND",47.02779,-103.05324,402.50,daymet_v1p2,47.05,824.00,393509912
06350000,10,"CANNONBALL RIVER AT REGENT, ND",46.42667,-102.55183,1501.05,daymet_v1p2,46.52,869.00,1501550980
06352000,10,"CEDAR CREEK NR HAYNES, ND",46.15417,-102.47405,1441.83,daymet_v1p2,46.20,899.00,1431651193
06353000,10,"CEDAR CREEK NR RALEIGH, ND",46.09167,-101.33374,4526.51,daymet_v1p2,46.20,899.00,4530541750
06354000,10,"CANNONBALL RIVER AT BREIEN, ND",46.37611,-100.93444,10598.19,daymet_v1p2,46.52,869.00,10614412100
06360500,10,MOREAU R NEAR WHITEHORSE SD,45.25582,-100.84292,12654.96,daymet_v1p2,45.45,944.00,12628561518
06404000,10,BATTLE CR NEAR KEYSTONE SD,43.87249,-103.33658,151.83,daymet_v1p2,43.80,1609.00,151708427
06406000,10,BATTLE CR AT HERMOSA SD,43.82805,-103.19602,436.34,daymet_v1p2,43.80,1609.00,437520889
06408700,10,RHOADS FORK NEAR ROCHFORD SD,44.13665,-103.85854,20.80,daymet_v1p2,44.05,2019.00,20245049
06409000,10,CASTLE CR ABOVE DEERFIELD RES NEAR HILL CITY SD,44.01359,-103.83048,205.33,daymet_v1p2,43.99,2036.00,205298263
06431500,10,SPEARFISH CR AT SPEARFISH SD,44.48248,-103.86159,427.10,daymet_v1p2,44.14,1966.00,427165365
06440200,10,"SOUTH FORK BAD R NEAR COTTONWOOD,SD",43.96888,-101.76709,649.19,daymet_v1p2,43.80,750.00,665342417
06441500,10,BAD R NEAR FORT PIERRE SD,44.32665,-100.38430,8152.55,daymet_v1p2,43.96,647.00,8147208507
06447000,10,WHITE R NEAR KADOKA SD,43.75250,-101.52487,12849.71,daymet_v1p2,43.72,803.00,12838260879
06447500,10,LITTLE WHITE R NEAR MARTIN SD,43.16667,-101.63015,826.61,daymet_v1p2,43.09,1038.00,776664300
06450500,10,LITTLE WHITE R BELOW WHITE RIVER SD,43.60139,-100.74986,4111.27,daymet_v1p2,43.36,703.00,3867788214
06452000,10,WHITE R NEAR OACOMA SD,43.74833,-99.55649,25791.04,daymet_v1p2,43.19,900.00,25523777779
06453600,10,"PONCA CREEK AT VERDEL, NEBR.",42.81099,-98.17586,2101.42,daymet_v1p2,43.18,693.00,2102171372
06464500,10,KEYA PAHA R AT WEWELA SD,43.02889,-99.78067,2914.04,daymet_v1p2,43.12,823.00,2902135601
06468170,10,"JAMES RIVER NR GRACE CITY, ND",47.55805,-98.86289,2809.10,daymet_v1p2,47.38,602.00,1061441210
06468250,10,"JAMES RIVER ABOVE ARROWWOOD LAKE NR KENSAL, ND",47.39972,-98.79761,3242.61,daymet_v1p2,47.38,602.00,1164996450
06470800,10,"BEAR CREEK NR OAKES, ND",46.22524,-98.07177,1071.14,daymet_v1p2,46.61,445.00,264065862
06477500,10,FIRESTEEL CR NEAR MOUNT VERNON SD,43.77640,-98.24567,1512.44,daymet_v1p2,44.08,555.00,1519673147
06479215,10,BIG SIOUX RIVER NR FLORENCE SD,45.18080,-97.18619,175.28,daymet_v1p2,45.20,577.00,176561684
06479438,10,BIG SIOUX R NEAR WATERTOWN SD,45.00608,-97.16508,951.91,daymet_v1p2,45.16,589.00,595442630
06601000,10,"OMAHA CR AT HOMER, NEBR",42.32158,-96.48768,450.20,daymet_v1p2,42.04,412.00,450465294
06614800,10,"MICHIGAN RIVER NEAR CAMERON PASS, CO.",40.49609,-105.86501,4.03,daymet_v1p2,40.42,3396.00,3986877
06622700,10,"NORTH BRUSH CREEK NEAR SARATOGA, WY",41.37024,-106.52058,98.70,daymet_v1p2,41.33,3079.00,96824149
06623800,10,"ENCAMPMENT RIVER AB HOG PARK CR, NR ENCAMPMENT, WY",41.02358,-106.82477,187.66,daymet_v1p2,40.82,3011.00,188211649
06632400,10,"ROCK CREEK AB KING CANYON CANAL, NR ARLINGTON, WY",41.58525,-106.22279,162.99,daymet_v1p2,41.35,3015.00,162840615
06746095,10,"JOE WRIGHT CREEK ABOVE JOE WRIGHT RESERVOIR, CO.",40.53998,-105.88279,8.90,daymet_v1p2,40.46,3298.00,8129086
06775500,10,,,,,daymet_v1p2,42.01,1169.00,204521599
06784000,10,"SOUTH LOUP R AT ST. MICHAEL, NEBR.",41.03244,-98.74053,6019.74,daymet_v1p2,41.15,763.00,4116320790
06803510,10,"LITTLE SALT CREEK NEAR LINCOLN, NEBR.",40.89311,-96.68155,113.28,daymet_v1p2,40.89,394.00,112875212
06803530,10,"ROCK CREEK NEAR CERESCO, NEBR.",41.01570,-96.54428,309.75,daymet_v1p2,40.92,388.00,310665720
06814000,10,"TURKEY C NR SENECA, KS",39.94778,-96.10862,713.83,daymet_v1p2,40.18,424.00,714531156
06846500,10,,,,,daymet_v1p2,39.35,1220.00,3427678444
06847900,10,"PRAIRIE DOG C AB KEITH SEBELIUS LAKE, KS",39.76985,-100.10078,1536.19,daymet_v1p2,39.28,1010.00,1527439790
06853800,10,"WHITE ROCK C NR BURR OAK, KS",39.89925,-98.25043,589.43,daymet_v1p2,39.78,569.00,587675987
06876700,10,"SALT C NR ADA, KS",39.13907,-97.83696,1056.44,daymet_v1p2,39.25,528.00,994130304
06878000,10,"CHAPMAN C NR CHAPMAN, KS",39.03111,-97.04029,776.42,daymet_v1p2,39.30,441.00,776664300
06879650,10,"KINGS C NR MANHATTAN, KS",39.10195,-96.59521,11.51,daymet_v1p2,39.02,399.00,10588523
06885500,10,"BLACK VERMILLION R NR FRANKFORT, KS",39.68192,-96.44289,1062.87,daymet_v1p2,39.67,399.00,1061441210
06888500,10,"MILL C NR PAXICO, KS",39.06265,-96.15025,842.35,daymet_v1p2,38.81,424.00,823264158
06889200,10,"SOLDIER C NR DELIA, KS",39.23833,-95.88860,385.66,daymet_v1p2,39.57,412.00,385743269
06889500,10,"SOLDIER C NR TOPEKA, KS",39.09938,-95.72495,748.58,daymet_v1p2,39.57,412.00,750775490
06892000,10,"STRANGER C NR TONGANOXIE, KS",39.11633,-95.01088,1092.72,daymet_v1p2,39.49,334.00,1051085686
06903400,10,"Chariton River near Chariton, IA",40.95189,-93.25985,481.42,daymet_v1p2,40.81,332.00,471176342
06906800,10,"Lamine River near Otterville, MO",38.70225,-92.97883,1414.75,daymet_v1p2,38.40,305.00,1405762383
06910800,10,"MARAIS DES CYGNES R NR READING, KS",38.56701,-95.96163,444.60,daymet_v1p2,38.64,425.00,458231937
06911900,10,"DRAGOON C NR BURLINGAME, KS",38.71069,-95.83603,293.06,daymet_v1p2,38.71,363.00,295132434
06917000,10,"L OSAGE R AT FULTON, KS",38.01897,-94.71367,765.78,daymet_v1p2,38.04,320.00,812908634
06918460,10,"Turnback Creek above Greenfield, MO",37.40237,-93.80203,650.69,daymet_v1p2,37.22,326.00,652398012
06919500,10,"Cedar Creek near Pleasant View, MO",37.83420,-93.87549,1069.42,daymet_v1p2,37.73,271.00,1087330020
06921070,10,"Pomme de Terre River near Polk, MO",37.68265,-93.37033,712.59,daymet_v1p2,37.29,414.00,714531156
06921200,10,"Lindley Creek near Polk, MO",37.75047,-93.26618,323.62,daymet_v1p2,37.60,331.00,289954672
06934000,10,"Gasconade River near Rich Fountain, MO",38.38881,-91.81989,8264.90,daymet_v1p2,38.00,266.00,8232641580
07014500,07,"Meramec River near Sullivan, MO",38.15853,-91.10846,3845.50,daymet_v1p2,37.75,336.00,3818599475
07056000,11,"Buffalo River near St. Joe, AR",35.98318,-92.74755,2149.36,daymet_v1p2,35.71,200.00,2146182349
07057500,11,"North Fork River near Tecumseh, MO",36.62303,-92.24813,1456.44,daymet_v1p2,36.64,200.00,1452362241
07060710,11,"North Sylamore Creek near Fifty Six, AR",35.99535,-92.21265,150.03,daymet_v1p2,36.00,200.00,150413986
07066000,11,"Jacks Fork at Eminence, MO",37.15408,-91.35816,1053.50,daymet_v1p2,37.01,200.00,1030374638
07067000,11,"Current River at Van Buren, MO",36.99138,-91.01351,4349.01,daymet_v1p2,36.91,200.00,4315664627
07068000,11,"Current River at Doniphan, MO",36.62200,-90.84762,5318.59,daymet_v1p2,36.91,200.00,5276139478
07071500,11,"Eleven Point River near Bardley, MO",36.64868,-91.20082,2023.77,daymet_v1p2,36.89,200.00,2052982633
07083000,11,"HALFMOON CREEK NEAR MALTA, CO.",39.17221,-106.38919,60.76,daymet_v1p2,39.08,200.00,60838703
07142300,11,"RATTLESNAKE C NR MACKSVILLE, KS",37.87159,-98.87614,1819.94,daymet_v1p2,37.48,200.00,921641636
07145700,11,"SLATE C AT WELLINGTON, KS",37.24955,-97.40390,399.81,daymet_v1p2,37.38,200.00,398687674
07148400,11,"Salt Fork Arkansas River nr Alva, OK",36.81503,-98.64814,2544.50,daymet_v1p2,37.38,200.00,2542281142
07149000,11,"MEDICINE LODGE R NR KIOWA, KS",37.03920,-98.47021,2291.20,daymet_v1p2,37.42,200.00,2337759543
07151500,11,"CHIKASKIA R NR CORBIN, KS",37.12891,-97.60144,2109.00,daymet_v1p2,37.45,200.00,2055571514
07167500,11,"OTTER C AT CLIMAX, KS",37.70821,-96.22360,319.62,daymet_v1p2,37.63,200.00,333965649
07180500,11,"CEDAR C NR CEDAR POINT, KS",38.19645,-96.82458,275.51,daymet_v1p2,38.07,200.00,284776910
07184000,11,"LIGHTNING C NR MCCUNE, KS",37.28125,-95.03267,510.84,daymet_v1p2,37.50,200.00,510009557
07195800,11,"Flint Creek at Springtown, AR",36.25548,-94.43394,38.23,daymet_v1p2,36.23,200.00,36762110
07196900,11,"Baron Fork at Dutch Mills, AR",35.88008,-94.48661,106.35,daymet_v1p2,35.83,200.00,105108569
07197000,11,"Baron Fork at Eldon, OK",35.92120,-94.83856,808.45,daymet_v1p2,35.83,200.00,807730872
07208500,11,"RAYADO CREEK NEAR CIMARRON, NM",36.37226,-104.97000,159.22,daymet_v1p2,36.38,200.00,168277265
07226500,11,"UTE CREEK NEAR LOGAN, NM",35.43838,-103.52579,5242.75,daymet_v1p2,36.42,200.00,3735755283
07261000,11,"Cadron Creek near Guy, AR",35.29880,-92.40393,445.81,daymet_v1p2,35.37,200.00,437520889
07263295,11,"Maumelle River at Williams Junction, AR",34.87620,-92.77461,119.03,daymet_v1p2,34.85,200.00,119347414
07290650,08,"BAYOU PIERRE NR WILLOWS, MS",32.01778,-90.87694,1688.73,daymet_v1p2,31.89,66.00,1693128174
07291000,08,"HOMOCHITTO RIVER AT EDDICETON, MS",31.50306,-90.77750,479.30,daymet_v1p2,31.70,132.00,468587461
07292500,08,"HOMOCHITTO RIVER AT ROSETTA, MS",31.32472,-91.10944,2073.09,daymet_v1p2,31.65,125.00,2037449347
07295000,08,"BUFFALO RIVER NR WOODVILLE, MS",31.22694,-91.29556,466.58,daymet_v1p2,31.09,101.00,465998580
07299670,11,"Groesbeck Ck at SH 6 nr Quanah, TX",34.35452,-99.74037,828.36,daymet_v1p2,34.28,200.00,784430943
07301410,11,"Sweetwater Ck nr Kelton, TX",35.47310,-100.12095,769.67,daymet_v1p2,35.55,200.00,691231227
07301500,11,"North Fork Red River near Carter, OK",35.16811,-99.50731,6885.07,daymet_v1p2,35.37,200.00,5366750313
07315200,11,"E Fk Little Wichita Rv nr Henrietta, TX",33.81288,-98.08504,501.62,daymet_v1p2,33.53,200.00,460820818
07315700,11,"Mud Creek near Courtney, OK",34.00426,-97.56697,1488.69,daymet_v1p2,34.39,200.00,1486017694
07335700,11,"Kiamichi River near Big Cedar, OK",34.63844,-94.61272,102.57,daymet_v1p2,34.61,468.00,102519688
07340300,11,"Cossatot River near Vandervoort, AR",34.37955,-94.23576,230.43,daymet_v1p2,34.37,403.00,231963738
07346045,11,"Black Cypress Bayou at Jefferson, TX",32.77792,-94.35742,959.89,daymet_v1p2,33.01,104.00,944941565
07359610,08,"Caddo River near Caddo Gap, AR",34.38278,-93.60611,342.23,daymet_v1p2,34.44,269.00,352087816
07362100,08,"SMACKOVER CREEK NEAR SMACKOVER, ARK.",33.37596,-92.77711,996.08,daymet_v1p2,33.43,84.00,996719185
07362587,08,"Alum Fork Saline River near Reform, AR",34.79759,-92.93351,69.77,daymet_v1p2,34.74,346.00,69899787
07373000,08,"Big Creek at Pollock, LA",31.53629,-92.40847,131.18,daymet_v1p2,31.51,55.00,132032931
07375000,08,"Tchefuncta River near Folsom, LA",30.61602,-90.24869,249.35,daymet_v1p2,30.68,52.00,247238135
07376000,08,"Tickfaw River at Holden, LA",30.50380,-90.67732,651.61,daymet_v1p2,31.02,108.00,639453607
08013000,08,"CALCASIEU RIVER NR GLENMORA, LA",30.99602,-92.67375,1293.69,daymet_v1p2,31.28,100.00,1291851619
08014500,08,"Whiskey Chitto Creek Near Oberlin, LA",30.69875,-92.89319,1305.15,daymet_v1p2,31.06,93.00,1320329310
08023080,12,"Bayou Grand Cane near Stanley, LA",31.97933,-93.93408,187.61,daymet_v1p2,32.03,90.00,187693872
08025500,12,"Bayou Toro near Toro, LA",31.30713,-93.51573,383.02,daymet_v1p2,31.45,96.00,383154388
08029500,12,"Big Cow Ck nr Newton, TX",30.81889,-93.78556,333.40,daymet_v1p2,31.03,106.00,331376768
08050800,12,"Timber Ck nr Collinsville, TX",33.55455,-96.94723,100.93,daymet_v1p2,33.53,209.00,100448583
08066200,12,"Long King Ck at Livingston, TX",30.71631,-94.95882,364.12,daymet_v1p2,30.84,86.00,365032221
08066300,12,"Menard Ck nr Rye, TX",30.48139,-94.77972,383.57,daymet_v1p2,30.73,97.00,393509912
08070000,12,"E Fk San Jacinto Rv nr Cleveland, TX",30.33660,-95.10410,841.06,daymet_v1p2,30.45,75.00,841386325
08070200,12,"E Fk San Jacinto Rv nr New Caney, TX",30.14549,-95.12438,989.37,daymet_v1p2,30.45,75.00,1004485828
08079600,12,"DMF Brazos Rv at Justiceburg, TX",33.03843,-101.19763,3348.95,daymet_v1p2,33.07,883.00,631686964
08082700,12,"Millers Ck nr Munday, TX",33.32927,-99.46508,276.04,daymet_v1p2,33.18,467.00,269243624
08086212,12,"Hubbard Ck bl Albany, TX",32.73290,-99.14063,1584.82,daymet_v1p2,32.68,525.00,1586984053
08086290,12,"Big Sandy Ck abv Breckenridge, TX",32.64846,-99.00451,732.98,daymet_v1p2,32.37,493.00,724886680
08101000,12,"Cowhouse Ck at Pidcoke, TX",31.28489,-97.88502,1177.10,daymet_v1p2,31.59,497.00,1177940855
08103900,12,"S Fk Rocky Ck nr Briggs, TX",30.91157,-98.03697,86.00,daymet_v1p2,30.89,404.00,86209737
08104900,12,"S Fk San Gabriel Rv at Georgetown, TX",30.62575,-97.69112,342.62,daymet_v1p2,30.70,394.00,344321173
08109700,12,"Middle Yegua Ck nr Dime Box, TX",30.33938,-96.90470,610.13,daymet_v1p2,30.42,161.00,610975916
08150800,12,"Beaver Ck nr Mason, TX",30.64352,-99.09588,557.52,daymet_v1p2,30.34,623.00,556609415
08155200,12,"Barton Ck at SH 71 nr Oak Hill, TX",30.29632,-97.92557,232.74,daymet_v1p2,30.20,372.00,232222626
08158700,12,"Onion Ck nr Driftwood, TX",30.08299,-98.00779,320.34,daymet_v1p2,30.14,422.00,321021244
08158810,12,"Bear Ck bl FM 1826 nr Driftwood, TX",30.15549,-97.94001,31.79,daymet_v1p2,30.16,322.00,31584348
08164000,12,"Lavaca Rv nr Edna, TX",28.95998,-96.68637,2124.00,daymet_v1p2,29.53,125.00,2115115777
08164300,12,"Navidad Rv nr Hallettsville, TX",29.46691,-96.81276,861.54,daymet_v1p2,29.72,116.00,859508492
08164600,12,"Garcitas Ck nr Inez, TX",28.89138,-96.81915,253.92,daymet_v1p2,28.98,54.00,237400388
08165300,12,"N Fk Guadalupe Rv nr Hunt, TX",30.06410,-99.38699,435.99,daymet_v1p2,30.06,665.00,437520889
08171300,12,"Blanco Rv nr Kyle, TX",29.97938,-97.91000,1067.47,daymet_v1p2,30.09,529.00,1066618972
08175000,12,"Sandies Ck nr Westhoff, TX",29.21525,-97.44943,1421.66,daymet_v1p2,29.40,158.00,1421295669
08176900,12,"Coleto Ck at Arnold Rd nr Schroeder, TX",28.86165,-97.22638,925.44,daymet_v1p2,28.99,125.00,924230517
08178880,12,"Medina Rv at Bandera, TX",29.72384,-99.07004,850.58,daymet_v1p2,29.78,655.00,849152968
08189500,12,"Mission Rv at Refugio, TX",28.29195,-97.27916,1808.29,daymet_v1p2,28.61,106.00,1786327890
08190000,12,"Nueces Rv at Laguna, TX",29.42857,-99.99729,1961.43,daymet_v1p2,29.84,659.00,1908005297
08190500,12,"W Nueces Rv nr Brackettville, TX",29.47273,-100.23646,1799.09,daymet_v1p2,29.95,681.00,1796683414
08194200,12,"San Casimiro Ck nr Freer, TX",27.96501,-98.96697,1220.58,daymet_v1p2,27.63,170.00,1214185189
08195000,12,"Frio Rv at Concan, TX",29.48857,-99.70478,1028.29,daymet_v1p2,29.91,686.00,1007074709
08196000,12,"Dry Frio Rv nr Reagan Wells, TX",29.50468,-99.78145,326.98,daymet_v1p2,29.70,668.00,326199006
08198500,12,"Sabinal Rv at Sabinal, TX",29.31431,-99.48047,624.35,daymet_v1p2,29.76,629.00,623920321
08200000,12,"Hondo Ck nr Tarpley, TX",29.56967,-99.24671,249.11,daymet_v1p2,29.64,506.00,247497024
08202700,12,"Seco Ck at Rowe Ranch nr D'Hanis, TX",29.37079,-99.28782,434.75,daymet_v1p2,29.57,522.00,434932008
08267500,13,"RIO HONDO NEAR VALDEZ, NM",36.54169,-105.55640,96.26,daymet_v1p2,36.55,3333.00,93717492
08269000,13,"RIO PUEBLO DE TAOS NEAR TAOS, NM",36.43947,-105.50362,163.27,daymet_v1p2,36.47,3322.00,172419475
08271000,13,"RIO LUCERO NEAR ARROYO SECO, NM",36.50836,-105.53084,43.77,daymet_v1p2,36.46,3448.00,42975425
08324000,13,"JEMEZ RIVER NEAR JEMEZ, NM",35.66169,-106.74337,1207.95,daymet_v1p2,36.05,3122.00,1216774070
08377900,13,"RIO MORA NEAR TERRERO, NM",35.77725,-105.65807,139.03,daymet_v1p2,35.84,3238.00,137728469
08378500,13,"PECOS RIVER NEAR PECOS, NM",35.70837,-105.68252,444.96,daymet_v1p2,35.84,3238.00,489298509
08380500,13,"GALLINAS CREEK NEAR MONTEZUMA, NM",35.65199,-105.31890,198.06,daymet_v1p2,35.66,2953.00,217466004
09034900,14,"BOBTAIL CREEK NEAR JONES PASS, CO.",39.76026,-105.90640,15.65,daymet_v1p2,39.68,3568.00,14497734
09035800,14,"DARLING CREEK NEAR LEAL, CO.",39.80054,-106.02641,22.94,daymet_v1p2,39.74,3261.00,22730375
09035900,14,"SOUTH FORK OF WILLIAMS FORK NEAR LEAL, CO.",39.79582,-106.03057,72.84,daymet_v1p2,39.63,3396.00,70935339
09047700,14,"KEYSTONE GULCH NEAR DILLON, CO.",39.59443,-105.97252,23.57,daymet_v1p2,39.50,3386.00,23662372
09065500,14,"GORE CREEK AT UPPER STATION, NEAR MINTURN, CO.",39.62582,-106.27808,37.78,daymet_v1p2,39.55,3479.00,37538774
09066000,14,"BLACK GORE CREEK NEAR MINTURN, CO.",39.59638,-106.26503,32.41,daymet_v1p2,39.48,3231.00,32361012
09066200,14,"BOOTH CREEK NEAR MINTURN, CO.",39.64832,-106.32308,16.10,daymet_v1p2,39.62,3465.00,15999285
09066300,14,"MIDDLE CREEK NEAR MINTURN, CO.",39.64582,-106.38225,15.52,daymet_v1p2,39.62,3251.00,15429731
09081600,14,"CRYSTAL RIVER AB AVALANCHE C, NEAR REDSTONE, CO.",39.23221,-107.22727,432.89,daymet_v1p2,39.02,3511.00,432343127
09107000,14,"TAYLOR RIVER AT TAYLOR PARK, CO.",38.86027,-106.56670,331.62,daymet_v1p2,38.96,3427.00,331376768
09210500,14,"FONTENELLE C NR HERSCHLER RANCH, NR FONTENELLE, WY",42.09605,-110.41656,398.31,daymet_v1p2,42.22,2497.00,393509912
09223000,14,"HAMS FORK BELOW POLE CREEK, NEAR FRONTIER, WY",42.11049,-110.70962,333.15,daymet_v1p2,42.28,2672.00,331376768
09306242,14,"CORRAL GULCH NEAR RANGELY, CO.",39.92025,-108.47287,81.99,daymet_v1p2,39.85,2234.00,82326416
09312600,14,"WHITE RIVER BL TABBYUNE C NEAR SOLDIER SUMMIT, UT",39.87579,-111.03739,195.29,daymet_v1p2,39.90,2534.00,195719404
09352900,14,"VALLECITO CREEK NEAR BAYFIELD, CO.",37.47750,-107.54367,188.15,daymet_v1p2,37.62,3721.00,187693872
09378170,14,"SOUTH CREEK ABOVE RESERVOIR NEAR MONTICELLO, UT",37.84666,-109.36956,21.90,daymet_v1p2,37.77,2612.00,22367932
09378630,14,"RECAPTURE CREEK NEAR BLANDING, UT",37.75555,-109.47651,10.42,daymet_v1p2,37.72,2697.00,9760081
09386900,15,"RIO NUTRIA NEAR RAMAH, NM",35.28253,-108.55341,184.94,daymet_v1p2,35.23,2427.00,184846103
09404450,15,"EAST FORK VIRGIN RIVER NEAR GLENDALE, UT",37.33943,-112.60438,192.96,daymet_v1p2,37.37,2221.00,192094970
09430500,15,"GILA RIVER NEAR GILA, NM",33.06118,-108.53727,4804.93,daymet_v1p2,33.26,2803.00,4825674184
09430600,15,"MOGOLLON CREEK NEAR CLIFF, NM",33.16673,-108.64978,190.52,daymet_v1p2,33.17,2398.00,178632789
09447800,15,"BONITA CREEK NEAR MORENCI, AZ.",32.95562,-109.53119,781.96,daymet_v1p2,33.16,1814.00,781842062
09480000,15,"SANTA CRUZ RIVER NEAR LOCHIEL, AZ.",31.35538,-110.58953,213.38,daymet_v1p2,31.38,1642.00,212806018
09484000,15,"SABINO CREEK NEAR TUCSON, AZ.",32.31674,-110.81037,103.65,daymet_v1p2,32.37,2393.00,91905275
09484600,15,"PANTANO WASH NEAR VAIL, AZ.",32.03591,-110.67758,1179.59,daymet_v1p2,31.66,1474.00,1183118617
09492400,15,"EAST FORK WHITE RIVER NEAR FORT APACHE, AZ.",33.82227,-109.81454,128.97,daymet_v1p2,33.76,2394.00,100448583
09494000,15,"WHITE RIVER NEAR FORT APACHE, AZ.",33.73644,-110.16677,1628.23,daymet_v1p2,33.84,1770.00,1636172792
09497800,15,"CIBECUE CREEK NEAR CHYSOTILE, AZ.",33.84311,-110.55761,750.86,daymet_v1p2,34.18,2138.00,763719895
09497980,15,"CHERRY CREEK NEAR GLOBE, AZ.",33.82783,-110.85623,516.80,daymet_v1p2,34.11,2101.00,517776200
09505200,15,"WET BEAVER CREEK NEAR RIMROCK, AZ.",34.67474,-111.67209,285.68,daymet_v1p2,34.65,1894.00,287365791
09505350,15,"DRY BEAVER CREEK NEAR RIMROCK, AZ.",34.72863,-111.77571,365.66,daymet_v1p2,34.73,2249.00,367621102
09505800,15,"WEST CLEAR CREEK NEAR CAMP VERDE, AZ.",34.53864,-111.69404,614.94,daymet_v1p2,34.56,1891.00,623920321
09508300,15,"WET BOTTOM CREEK NEAR CHILDS, AZ.",34.16087,-111.69292,93.00,daymet_v1p2,34.09,1692.00,94235268
09510200,15,"SYCAMORE CREEK NEAR FORT MCDOWELL, AZ.",33.69421,-111.54180,425.31,daymet_v1p2,33.93,1643.00,424576484
09512280,15,"CAVE CREEK BLW COTTONWOOD CR NEAR CAVE CREEK, AZ.",33.88726,-111.95404,188.71,daymet_v1p2,33.95,1203.00,214100459
09513780,15,"NEW RIVER NEAR ROCK SPRINGS, AZ.",33.97420,-112.09905,177.47,daymet_v1p2,34.00,1384.00,176820572
09535100,15,,,,,daymet_v1p2,32.50,772.00,1473073289
10023000,16,"BIG CREEK NEAR RANDOLPH, UT",41.60994,-111.25409,131.46,daymet_v1p2,41.49,2163.00,135657364
10166430,16,"WEST CANYON CREEK NEAR CEDAR FORT, UT",40.40523,-112.10050,70.17,daymet_v1p2,40.64,1285.00,69382011
10172700,16,"VERNON CREEK NEAR VERNON, UT",39.97939,-112.38023,69.93,daymet_v1p2,39.85,2128.00,64722025
10172800,16,"SOUTH WILLOW CREEK NEAR GRANTSVILLE, UT",40.49633,-112.57440,11.07,daymet_v1p2,40.45,2070.00,10847411
10173450,16,"MAMMOTH CREEK ABV WEST HATCH DITCH, NEAR HATCH, UT",37.62276,-112.51688,268.53,daymet_v1p2,37.61,3139.00,271832505
10205030,16,"SALINA CREEK NEAR EMERY, UT",38.91191,-111.53047,134.60,daymet_v1p2,38.95,2824.00,134104036
10234500,16,"BEAVER RIVER NEAR BEAVER, UT",38.28053,-112.56827,236.42,daymet_v1p2,38.30,3375.00,235588171
10242000,16,"COAL CREEK NEAR CEDAR CITY, UT",37.67220,-113.03467,208.69,daymet_v1p2,37.58,2854.00,209440473
10244950,16,"STEPTOE C NR ELY, NV",39.20154,-114.68916,28.20,daymet_v1p2,39.17,2610.00,28736579
10249300,16,"S TWIN R NR ROUND MOUNTAIN, NV",38.88743,-117.24537,50.20,daymet_v1p2,38.79,2796.00,51777620
10258000,18,TAHQUITZ C NR PALM SPRINGS CA,33.80502,-116.55918,43.69,daymet_v1p2,33.72,2372.00,43752089
10258500,18,PALM CYN C NR PALM SPRINGS CA,33.74502,-116.53557,241.51,daymet_v1p2,33.53,1534.00,241024821
10259000,18,ANDREAS C NR PALM SPRINGS CA,33.76002,-116.55002,22.46,daymet_v1p2,33.72,1330.00,22393821
10259200,18,DEEP C NR PALM DESERT CA,33.63114,-116.39223,79.12,daymet_v1p2,33.59,814.00,79219759
10263500,18,BIG ROCK C NR VALYERMO CA,34.42083,-117.83951,59.46,daymet_v1p2,34.32,2127.00,59285375
10310500,16,"CLEAR CREEK NEAR CARSON CITY, NV",39.11324,-119.79824,39.49,daymet_v1p2,39.06,2508.00,40127655
10316500,16,"LAMOILLE C NR LAMOILLE, NV",40.69076,-115.47700,64.78,daymet_v1p2,40.55,2931.00,64463137
10329500,16,"MARTIN C NR PARADISE VALLEY, NV",41.53462,-117.41791,454.52,daymet_v1p2,41.56,1752.00,453701395
10336645,16,GENERAL C NR MEEKS BAY CA,39.05185,-120.11852,19.60,daymet_v1p2,38.97,2251.00,19261275
10336660,16,BLACKWOOD C NR TAHOE CITY CA,39.10741,-120.16214,29.80,daymet_v1p2,39.04,2136.00,28995467
10336740,16,"Logan House Ck nr Glenbrook, NV",39.06658,-119.93546,5.54,daymet_v1p2,38.99,2390.00,5410761
10343500,16,SAGEHEN C NR TRUCKEE CA,39.43157,-120.23798,27.60,daymet_v1p2,39.38,2120.00,27183250
10348850,16,GALENA C AT GALENA C STATE PARK,39.35435,-119.85852,19.14,daymet_v1p2,39.27,2509.00,19908495
10396000,17,DONNER UND BLITZEN RIVER NR FRENCHGLEN OR,42.79083,-118.86750,528.89,daymet_v1p2,42.58,1679.00,517776200
11098000,18,ARROYO SECO NR PASADENA CA,34.22223,-118.17757,41.57,daymet_v1p2,34.21,1359.00,41422096
11124500,18,SANTA CRUZ C NR SANTA YNEZ CA,34.59666,-119.90875,191.52,daymet_v1p2,34.65,1624.00,191577194
11141280,18,LOPEZ C NR ARROYO GRANDE CA,35.23553,-120.47239,54.01,daymet_v1p2,35.24,598.00,54107613
11143000,18,BIG SUR R NR BIG SUR CA,36.24580,-121.77329,120.61,daymet_v1p2,36.18,955.00,120382967
11148900,18,NACIMIENTO R BL SAPAQUE C NR BRYSON CA,35.78858,-121.09381,403.45,daymet_v1p2,35.95,669.00,419398722
11151300,18,SAN LORENZO C BL BITTERWATER C NR KING CITY CA,36.26802,-121.06630,608.23,daymet_v1p2,36.11,803.00,603209273
11162500,18,PESCADERO C NR PESCADERO CA,37.26078,-122.32886,118.87,daymet_v1p2,37.17,342.00,118829638
11176400,18,ARROYO VALLE BL LANG CN NR LIVERMORE CA,37.56132,-121.68384,338.56,daymet_v1p2,37.27,672.00,336554530
11180500,18,DRY C A UNION CITY CA,37.60605,-122.02385,24.32,daymet_v1p2,37.58,262.00,24309593
11180960,18,CULL C AB CULL C RES NR CASTRO VALLEY CA,37.71771,-122.05441,15.06,daymet_v1p2,37.74,269.00,14989621
11224500,18,LOS GATOS C AB NUNEZ CYN NR COALINGA CA,36.21468,-120.47071,247.44,daymet_v1p2,36.26,1207.00,248014800
11230500,18,BEAR C NR LAKE THOMAS A EDISON CA,37.33939,-118.97345,135.53,daymet_v1p2,37.26,3485.00,135916252
11237500,18,PITMAN C BL TAMARACK C CA,37.19856,-119.21373,59.82,daymet_v1p2,37.14,2220.00,59285375
11253310,18,CANTUA C NR CANTUA CREEK CA,36.40217,-120.43349,120.44,daymet_v1p2,36.32,1232.00,120124078
11264500,18,MERCED R A HAPPY ISLES BRIDGE NR YOSEMITE CA,37.73159,-119.55877,467.98,daymet_v1p2,37.62,2933.00,468587461
11266500,18,MERCED R A POHONO BRIDGE NR YOSEMITE CA,37.71687,-119.66628,833.08,daymet_v1p2,37.62,2933.00,831030801
11274500,18,ORESTIMBA C NR NEWMAN CA,37.31549,-121.12521,347.75,daymet_v1p2,37.15,446.00,346910054
11274630,18,DEL PUERTO C NR PATTERSON CA,37.48660,-121.20910,187.44,daymet_v1p2,37.34,579.00,187952761
11284400,18,BIG C AB WHITES GULCH NR GROVELAND CA,37.84187,-120.18491,41.72,daymet_v1p2,37.76,932.00,42457648
11299600,18,BLACK C NR COPPEROPOLIS CA,37.96104,-120.61520,37.32,daymet_v1p2,37.96,456.00,37279886
11381500,18,MILL C NR LOS MOLINOS CA,40.05460,-122.02415,337.63,daymet_v1p2,40.39,2391.00,339143411
11383500,18,DEER C NR VINA CA,40.01405,-121.94832,539.78,daymet_v1p2,40.24,1583.00,538487248
11451100,18,NF CACHE C A HOUGH SPRING NR CLEARLAKE OAKS CA,39.16545,-122.61999,155.09,daymet_v1p2,39.15,915.00,155850636
11468500,18,NOYO R NR FORT BRAGG CA,39.42822,-123.73779,273.51,daymet_v1p2,39.30,145.00,274421386
11473900,18,MF EEL R NR DOS RIOS CA,39.70627,-123.32529,1925.01,daymet_v1p2,39.80,764.00,1928716345
11475560,18,ELDER C NR BRANSCOMB CA,39.72960,-123.64391,16.79,daymet_v1p2,39.64,1003.00,16827726
11476600,18,BULL C NR WEOTT CA,40.35125,-124.00393,71.85,daymet_v1p2,40.23,453.00,72747556
11478500,18,VAN DUZEN R NR BRIDGEVILLE CA,40.48042,-123.89088,572.38,daymet_v1p2,40.21,1004.00,574731582
11480390,18,MAD R AB RUTH RES NR FOREST GLEN CA,40.28431,-123.33530,242.60,daymet_v1p2,40.08,1189.00,242837038
11481200,18,LITTLE R NR TRINIDAD CA,41.01096,-124.08173,105.40,daymet_v1p2,40.91,720.00,104849680
11482500,18,REDWOOD C A ORICK CA,41.29929,-124.05118,718.04,daymet_v1p2,41.25,140.00,717120037
11522500,18,SALMON R A SOMES BAR CA,41.37763,-123.47756,1943.12,daymet_v1p2,41.44,1832.00,1944249631
11523200,18,TRINITY R AB COFFEE C NR TRINITY CTR CA,41.11126,-122.70558,382.94,daymet_v1p2,41.27,2041.00,385743269
11528700,18,SF TRINITY R BL HYAMPOM CA,40.64986,-123.49420,1980.08,daymet_v1p2,40.52,1182.00,1977905084
11532500,18,SMITH R NR CRESCENT CITY CA,41.79150,-124.07619,1577.96,daymet_v1p2,41.81,1356.00,1589572934
12010000,17,"NASELLE RIVER NEAR NASELLE, WA",46.37399,-123.74348,142.18,daymet_v1p2,46.38,258.00,141870679
12013500,17,"WILLAPA RIVER NEAR WILLAPA, WA",46.65093,-123.65266,337.69,daymet_v1p2,46.42,306.00,336554530
12020000,17,"CHEHALIS RIVER NEAR DOTY, WA",46.61732,-123.27764,294.22,daymet_v1p2,46.38,478.00,292543553
12025000,17,"NEWAUKUM RIVER NEAR CHEHALIS, WA",46.62010,-122.94513,404.90,daymet_v1p2,46.60,455.00,401276555
12025700,17,"SKOOKUMCHUCK RIVER NEAR VAIL, WA",46.77260,-122.59401,103.30,daymet_v1p2,46.62,748.00,103555240
12035000,17,"SATSOP RIVER NEAR SATSOP, WA",47.00065,-123.49488,769.90,daymet_v1p2,47.09,121.00,774075419
12040500,17,"QUEETS RIVER NEAR CLEARWATER, WA",47.53786,-124.31575,1153.44,daymet_v1p2,47.58,253.00,1152052045
12041200,17,"HOH RIVER AT US HIGHWAY 101 NEAR FORKS, WA",47.80675,-124.25103,655.80,daymet_v1p2,47.73,1507.00,654986893
12043000,17,"CALAWAH RIVER NEAR FORKS, WA",47.96008,-124.39299,337.19,daymet_v1p2,47.90,424.00,333965649
12048000,17,"DUNGENESS RIVER NEAR SEQUIM, WA",48.01426,-123.13268,405.01,daymet_v1p2,47.94,536.00,403865436
12054000,17,"DUCKABUSH RIVER NEAR BRINNON, WA",47.68398,-123.01155,171.68,daymet_v1p2,47.59,1299.00,172160587
12056500,17,"NF SKOKOMISH R BL STAIRCASE RPDS NR HOODSPORT, WA",47.51426,-123.32989,146.97,daymet_v1p2,47.45,959.00,148083993
12073500,17,"HUGE CREEK NEAR WAUNA, WA",47.38926,-122.69902,15.67,daymet_v1p2,47.35,115.00,16750060
12082500,17,"NISQUALLY RIVER NEAR NATIONAL, WA",46.75261,-122.08372,350.00,daymet_v1p2,46.73,1883.00,344321173
12092000,17,"PUYALLUP RIVER NEAR ELECTRON, WA",46.90372,-122.03511,240.88,daymet_v1p2,46.81,1319.00,240248157
12095000,17,"SOUTH PRAIRIE CREEK AT SOUTH PRAIRIE, WA",47.13955,-122.09261,205.84,daymet_v1p2,46.94,1098.00,205816040
12114500,17,"CEDAR RIVER BELOW BEAR CREEK NEAR CEDAR FALLS, WA",47.34205,-121.54899,66.56,daymet_v1p2,47.21,1097.00,65757577
12115000,17,"CEDAR RIVER NEAR CEDAR FALLS, WA",47.37011,-121.62510,102.80,daymet_v1p2,47.21,1097.00,105367457
12115500,17,"REX RIVER NEAR CEDAR FALLS, WA",47.35066,-121.66316,34.72,daymet_v1p2,47.22,1041.00,34691005
12117000,17,"TAYLOR CREEK NEAR SELLECK, WA",47.38649,-121.84622,44.85,daymet_v1p2,47.27,813.00,44528753
12141300,17,"MIDDLE FORK SNOQUALMIE RIVER NEAR TANNER, WA",47.48594,-121.64788,401.51,daymet_v1p2,47.46,1519.00,398687674
12143600,17,"SF SNOQUALMIE RIVER AT EDGEWICK, WA",47.45260,-121.71788,165.01,daymet_v1p2,47.35,1231.00,170607258
12144000,17,"SF SNOQUALMIE RIVER AT NORTH BEND, WA",47.49288,-121.79011,210.11,daymet_v1p2,47.35,1231.00,211511578
12145500,17,"RAGING RIVER NEAR FALL CITY, WA",47.53982,-121.90900,78.98,daymet_v1p2,47.37,674.00,79219759
12147500,17,"NORTH FORK TOLT RIVER NEAR CARNATION, WA",47.71232,-121.78873,102.89,daymet_v1p2,47.65,860.00,103296352
12147600,17,"SOUTH FORK TOLT RIVER NEAR INDEX, WA",47.70677,-121.60011,14.13,daymet_v1p2,47.63,986.00,13824625
12167000,17,"NF STILLAGUAMISH RIVER NEAR ARLINGTON, WA",48.26149,-122.04764,683.75,daymet_v1p2,48.26,730.00,678286822
12175500,17,"THUNDER CREEK NEAR NEWHALEM, WA",48.67263,-121.07290,273.82,daymet_v1p2,48.47,1556.00,271832505
12178100,17,"NEWHALEM CREEK NEAR NEWHALEM, WA",48.65596,-121.23846,69.68,daymet_v1p2,48.53,1243.00,69640899
12186000,17,"SAUK RIVER AB WHITECHUCK RIVER NEAR DARRINGTON, WA",48.16872,-121.47067,398.44,daymet_v1p2,48.06,1056.00,393509912
12189500,17,"SAUK RIVER NEAR SAUK, WA",48.42456,-121.56846,1855.32,daymet_v1p2,48.06,1056.00,1848461034
12358500,17,Middle Fork Flathead River nr West Glacier MT,48.49524,-114.01012,2939.19,daymet_v1p2,47.92,1918.00,2920257768
12374250,17,Mill Cr ab Bassoo Cr nr Niarada MT,47.82966,-114.69763,50.79,daymet_v1p2,47.69,1366.00,50742068
12375900,17,South Crow Creek near Ronan MT,47.49160,-114.02677,19.72,daymet_v1p2,47.44,2032.00,19597829
12377150,17,Mission Cr ab Reservoir nr ST Ignatius MT,47.32299,-113.97955,32.18,daymet_v1p2,47.24,2348.00,32102124
12381400,17,South Fork Jocko River near Arlee MT,47.19549,-113.85065,150.95,daymet_v1p2,47.04,1924.00,144977336
12383500,17,Big Knife Creek near Arlee MT,47.14743,-113.97427,17.67,daymet_v1p2,47.04,2207.00,17811501
12388400,17,Revais Cr bl West Fork nr Dixon MT,47.26632,-114.40679,60.84,daymet_v1p2,47.16,1702.00,60579815
12390700,17,Prospect Creek at Thompson Falls MT,47.58605,-115.35515,470.23,daymet_v1p2,47.47,1732.00,471176342
12411000,17,NF COEUR D ALENE R AB SHOSHONE CK NR PRICHARD ID,47.70611,-115.97917,867.48,daymet_v1p2,47.73,1169.00,867275135
12414500,17,ST JOE RIVER AT CALDER ID,47.27464,-116.18905,2678.97,daymet_v1p2,47.29,1355.00,2653603025
12447390,17,"ANDREWS CREEK NEAR MAZAMA, WA",48.82292,-120.14592,58.10,daymet_v1p2,48.82,2033.00,57214270
12451000,17,"STEHEKIN RIVER AT STEHEKIN, WA",48.32958,-120.69177,830.60,daymet_v1p2,48.37,1439.00,831030801
12488500,17,"AMERICAN RIVER NEAR NILE, WA",46.97762,-121.16870,205.17,daymet_v1p2,46.79,1540.00,204262711
13011500,17,PACIFIC CREEK AT MORAN WY,43.85028,-110.51778,404.08,daymet_v1p2,43.92,2477.00,437520889
13011900,17,BUFFALO FORK AB LAVA CREEK NR MORAN WY,43.83806,-110.44111,851.80,daymet_v1p2,43.81,3183.00,836208563
13018300,17,"CACHE CREEK NEAR JACKSON, WY",43.45215,-110.70409,27.90,daymet_v1p2,43.38,2537.00,27442139
13023000,17,GREYS RIVER AB RESERVOIR NR ALPINE WY,43.14278,-110.97667,1161.93,daymet_v1p2,42.52,2727.00,1159818688
13083000,17,TRAPPER CREEK NR OAKLEY ID,42.16583,-113.98361,133.18,daymet_v1p2,42.07,2217.00,134621812
13161500,17,BRUNEAU RIVER AT ROWLAND NV,41.93324,-115.67453,986.13,daymet_v1p2,41.50,1972.00,988952542
13235000,17,SF PAYETTE RIVER AT LOWMAN ID,44.08528,-115.62222,1163.23,daymet_v1p2,43.92,2696.00,1154640926
13240000,17,LAKE FORK PAYETTE RIVER AB JUMBO CR NR MCCALL ID,44.91361,-115.99722,125.57,daymet_v1p2,44.85,1779.00,126596281
13310700,17,SF SALMON RIVER NR KRASSEL RANGER STATION ID,44.98694,-115.72500,853.13,daymet_v1p2,44.82,2190.00,854330730
13313000,17,JOHNSON CREEK AT YELLOW PINE ID,44.96167,-115.50000,561.94,daymet_v1p2,44.54,2189.00,564376058
13331500,17,"MINAM RIVER NEAR MINAM, OR",45.61987,-117.72659,618.93,daymet_v1p2,45.52,1075.00,621331440
13337000,17,LOCHSA RIVER NR LOWELL ID,46.15083,-115.58722,3053.42,daymet_v1p2,46.61,1843.00,3049701818
13338500,17,SF CLEARWATER RIVER AT STITES ID,46.08639,-115.97667,3027.00,daymet_v1p2,45.98,1285.00,3023813008
13340000,17,CLEARWATER RIVER AT OROFINO ID,46.47833,-116.25750,14268.92,daymet_v1p2,46.61,1843.00,14256967667
13340600,17,NF CLEARWATER RIVER NR CANYON RANGER STATION ID,46.84047,-115.62070,3354.62,daymet_v1p2,46.85,1642.00,3355189776
14020000,17,"UMATILLA RIVER ABOVE MEACHAM CREEK, NR GIBBON, OR",45.71958,-118.32329,341.43,daymet_v1p2,45.54,1409.00,339143411
14092750,17,"SHITIKE CR, AT PETERS PASTURE, NR WARM SPRINGS, OR",44.75039,-121.63340,57.48,daymet_v1p2,44.69,1376.00,59285375
14096850,17,"BEAVER CREEK, BLW QUARTZ CR, NR SIMNASHO, OR.",44.95873,-121.39423,374.62,daymet_v1p2,45.05,946.00,375387745
14137000,17,"SANDY RIVER NEAR MARMOT, OR",45.39956,-122.13731,674.24,daymet_v1p2,45.31,386.00,683464584
14138800,17,"BLAZED ALDER CREEK NEAR RHODODENDRON, OREG.",45.45262,-121.89147,21.29,daymet_v1p2,45.35,952.00,21151158
14138870,17,"FIR CREEK NEAR BRIGHTWOOD, OR",45.48012,-122.02564,14.02,daymet_v1p2,45.39,879.00,14135290
14138900,17,"NORTH FORK BULL RUN RIVER NEAR MULTNOMAH FALLS, OR",45.49429,-122.03592,21.68,daymet_v1p2,45.48,952.00,21539490
14139800,17,"SOUTH FORK BULL RUN RIVER NEAR BULL RUN, OR",45.44456,-122.10953,40.70,daymet_v1p2,45.36,858.00,39868767
14141500,17,"LITTLE SANDY RIVER NEAR BULL RUN, OREG.",45.41540,-122.17148,59.87,daymet_v1p2,45.33,871.00,57732046
14154500,17,"ROW RIVER ABOVE PITCHER CREEK NEAR, DORENA, OREG",43.73596,-122.87340,546.81,daymet_v1p2,43.68,835.00,546253891
14158500,17,"MCKENZIE RIVER AT OUTLET OF CLEAR LAKE, OR",44.36095,-121.99562,237.08,daymet_v1p2,44.31,1103.00,239212604
14158790,17,"SMITH R AB SMITH R RES NR BELKNAP SPRGS,OREG.",44.33457,-122.04701,40.57,daymet_v1p2,44.30,1166.00,41939872
14166500,17,"LONG TOM RIVER NEAR NOTI, OREG.",44.04984,-123.42621,226.52,daymet_v1p2,44.08,273.00,231187073
14182500,17,"LITTLE NORTH SANTIAM RIVER NEAR MEHAMA, OR",44.79151,-122.57897,286.85,daymet_v1p2,44.75,831.00,289954672
14185000,17,"SOUTH SANTIAM RIVER BELOW CASCADIA, OR",44.39179,-122.49758,458.18,daymet_v1p2,44.26,1202.00,450465294
14185900,17,"QUARTZVILLE CREEK NEAR CASCADIA, OREG.",44.54012,-122.43591,258.20,daymet_v1p2,44.52,1136.00,256816995
14187000,17,"WILEY CREEK NEAR FOSTER, OR",44.37235,-122.62314,134.75,daymet_v1p2,44.23,966.00,134104036
14216500,17,"MUDDY CREEK BELOW CLEAR CREEK NEAR COUGAR, WA",46.07567,-121.99870,349.52,daymet_v1p2,46.14,951.00,349498935
14222500,17,"EAST FORK LEWIS RIVER NEAR HEISSON, WA",45.83678,-122.46621,323.89,daymet_v1p2,45.73,869.00,323610125
14236200,17,"TILTON RIVER AB BEAR CANYON CREEK NEAR CINEBAR, WA",46.59538,-122.45956,360.99,daymet_v1p2,46.54,485.00,365032221
14301000,17,"NEHALEM RIVER NEAR FOSS, OR",45.70400,-123.75540,1743.54,daymet_v1p2,45.66,351.00,1726783627
14303200,17,"TUCCA CREEK NEAR BLAINE, OR.",45.32428,-123.54650,8.06,daymet_v1p2,45.25,598.00,7999642
14305500,17,"SILETZ RIVER AT SILETZ, OR",44.71512,-123.88733,526.33,daymet_v1p2,44.85,709.00,522953962
14306340,17,"EAST FORK LOBSTER CREEK NEAR ALSEA, OR.",44.24790,-123.63649,14.73,daymet_v1p2,44.19,549.00,14756622
14306500,17,"ALSEA RIVER NEAR TIDEWATER, OR",44.38595,-123.83178,857.16,daymet_v1p2,44.13,212.00,864686254
14308990,17,"COW CREEK ABV GALESVILLE RES, NR AZALEA, OR.",42.82318,-123.12589,167.76,daymet_v1p2,42.72,966.00,167500601
14309500,17,"WEST FORK COW CREEK NEAR GLENDALE, OR",42.80400,-123.61091,224.92,daymet_v1p2,42.73,755.00,224973759
14316700,17,"STEAMBOAT CREEK NEAR GLIDE, OR",43.34984,-122.72894,587.90,daymet_v1p2,43.44,981.00,587675987
14325000,17,"SOUTH FORK COQUILLE RIVER AT POWERS, OR",42.89150,-124.07065,443.07,daymet_v1p2,42.75,871.00,437520889
14362250,17,"STAR GULCH NEAR RUCH, OR.",42.15401,-123.07532,41.42,daymet_v1p2,42.10,1041.00,41422096
14400000,17,"CHETCO RIVER NEAR BROOKINGS, OR",42.12344,-124.18731,702.63,daymet_v1p2,42.08,933.00,701586751
