gauge_name,lat,lon
"ALSEA RIVER NEAR TIDEWATER, OR",44.38595,-123.83178
"AMERICAN RIVER NEAR NILE, WA",46.97762,-121.16870
"AMMONOOSUC RIVER AT BETHLEHEM JUNCTION, NH",44.26867,-71.63036
ANDREAS C NR PALM SPRINGS CA,33.76002,-116.55002
"ANDREWS CREEK NEAR MAZAMA, WA",48.82292,-120.14592
ARROYO SECO NR PASADENA CA,34.22223,-118.17757
ARROYO VALLE BL LANG CN NR LIVERMORE CA,37.56132,-121.68384
"AUGUSTA CREEK NEAR AUGUSTA, MI",42.35337,-85.35389
"AYERS BROOK AT RANDOLPH, VT",43.93451,-72.65788
"BACK CREEK NEAR SUNRISE, VA",38.24540,-79.76866
"BAD RIVER NEAR ODANAH, WI",46.48661,-90.69630
"BALDHILL CREEK NR DAZEY, ND",47.22916,-98.12482
BATTLE CR AT HERMOSA SD,43.82805,-103.19602
BATTLE CR NEAR KEYSTONE SD,43.87249,-103.33658
BEAR C NR LAKE THOMAS A EDISON CA,37.33939,-118.97345
"BEAR CREEK AT FRIENDSVILLE, MD",39.65614,-79.39411
"BEAR CREEK NEAR MARCELLINE, IL",40.14282,-91.33737
"BEAR CREEK NR OAKES, ND",46.22524,-98.07177
"BEAR DEN CREEK NR MANDAREE, ND",47.78724,-102.76853
"BEAVER RIVER NEAR BEAVER, UT",38.28053,-112.56827
"BEAVERDAM BRANCH AT HOUSTON, DE",38.90578,-75.51275
"BIG BUREAU CREEK AT PRINCETON, IL",41.36587,-89.49843
BIG C AB WHITES GULCH NR GROVELAND CA,37.84187,-120.18491
"BIG EAU PLEINE RIVER AT STRATFORD, WI",44.82191,-90.07958
"BIG PIPE CREEK AT BRUCEVILLE, MD",39.61236,-77.23744
BIG ROCK C NR VALYERMO CA,34.42083,-117.83951
BIG SIOUX R NEAR WATERTOWN SD,45.00608,-97.16508
BIG SUR R NR BIG SUR CA,36.24580,-121.77329
"BILOXI RIVER AT WORTHAM, MS",30.55861,-89.12194
"BLACK CREEK NEAR BLITCHTON, GA",32.16798,-81.48817
"BLACK GORE CREEK NEAR MINTURN, CO.",39.59638,-106.26503
"BLACK RIVER AT COVENTRY, VT",44.86894,-72.27010
"BLACK VERMILLION R NR FRANKFORT, KS",39.68192,-96.44289
BLACKWATER RIVER NEAR BRADLEY AL,31.02768,-86.70996
"BLACKWATER RIVER NEAR ROCKY MOUNT, VA",37.04514,-79.84420
BLACKWOOD C NR TAHOE CITY CA,39.10741,-120.16214
"BLAZED ALDER CREEK NEAR RHODODENDRON, OREG.",45.45262,-121.89147
"BOBTAIL CREEK NEAR JONES PASS, CO.",39.76026,-105.90640
"BOOTH CREEK NEAR MINTURN, CO.",39.64832,-106.32308
"BOUIE CREEK NR HATTIESBURG, MS",31.42583,-89.41472
BRUNEAU RIVER AT ROWLAND NV,41.93324,-115.67453
BUFFALO FORK AB LAVA CREEK NR MORAN WY,43.83806,-110.44111
"BUFFALO RIVER NEAR FLAT WOODS, TN",35.49591,-87.83280
BULL C NR WEOTT CA,40.35125,-124.00393
"BULL LAKE CREEK ABOVE BULL LAKE, WY",43.17690,-109.20291
BULLFROG CREEK NEAR WIMAUMA FL,27.79197,-82.35204
"BULLPASTURE RIVER AT WILLIAMSVILLE, VA",38.19540,-79.57032
"Bald Eagle Creek at Tyrone, PA",40.68367,-78.23362
"Baron Fork at Dutch Mills, AR",35.88008,-94.48661
"Baron Fork at Eldon, OK",35.92120,-94.83856
"Bayou Grand Cane near Stanley, LA",31.97933,-93.93408
"Bear Ck bl FM 1826 nr Driftwood, TX",30.15549,-97.94001
"Beaver Ck nr Mason, TX",30.64352,-99.09588
"Big Cow Ck nr Newton, TX",30.81889,-93.78556
"Big Creek at Pollock, LA",31.53629,-92.40847
"Big Sandy Ck abv Breckenridge, TX",32.64846,-99.00451
"Bixler Run near Loysville, PA",40.37092,-77.40221
"Black Cypress Bayou at Jefferson, TX",32.77792,-94.35742
"Blanco Rv nr Kyle, TX",29.97938,-97.91000
"Blockhouse Creek near English Center, PA",41.47368,-77.23081
"Brodhead Creek near Analomink, PA",41.08481,-75.21462
"Brokenstraw Creek at Youngsville, PA",41.85256,-79.31727
"Buffalo Creek near Freeport, PA",40.71590,-79.69949
"Buffalo River near St. Joe, AR",35.98318,-92.74755
"Bush Kill at Shoemakers, PA",41.08815,-75.03767
"CACHE CREEK NEAR JACKSON, WY",43.45215,-110.70409
"CALCASIEU RIVER NR GLENMORA, LA",30.99602,-92.67375
CANASERAGA CREEK ABOVE DANSVILLE NY,42.53562,-77.70416
"CANNONBALL RIVER AT BREIEN, ND",46.37611,-100.93444
"CANNONBALL RIVER AT REGENT, ND",46.42667,-102.55183
CANTUA C NR CANTUA CREEK CA,36.40217,-120.43349
"CARTOOGECHAYE CREEK NEAR FRANKLIN, NC",35.15889,-83.39417
"CASSELMAN RIVER AT GRANTSVILLE, MD",39.70219,-79.13639
CASTLE CR ABOVE DEERFIELD RES NEAR HILL CITY SD,44.01359,-103.83048
"CATALOOCHEE CREEK NEAR CATALOOCHEE, NC",35.66750,-83.07361
"CATOCTIN CREEK AT TAYLORSTOWN, VA",39.25455,-77.57638
"CATTAIL CREEK NEAR GLENWOOD, MD",39.25597,-77.05106
"CEDAR C NR CEDAR POINT, KS",38.19645,-96.82458
"CEDAR CREEK NEAR WINCHESTER, VA",39.08122,-78.32945
"CEDAR CREEK NR HAYNES, ND",46.15417,-102.47405
"CEDAR CREEK NR RALEIGH, ND",46.09167,-101.33374
"CEDAR RIVER BELOW BEAR CREEK NEAR CEDAR FALLS, WA",47.34205,-121.54899
"CEDAR RIVER NEAR CEDAR FALLS, WA",47.37011,-121.62510
"CHAPMAN C NR CHAPMAN, KS",39.03111,-97.04029
CHARLIE CREEK NEAR GARDNER FL,27.37504,-81.79647
"CHATTOOGA RIVER NEAR CLAYTON, GA",34.81398,-83.30599
"CHEHALIS RIVER NEAR DOTY, WA",46.61732,-123.27764
"CHERRY CREEK NEAR GLOBE, AZ.",33.82783,-110.85623
"CHESTNUT CREEK AT GALAX, VA",36.64596,-80.91924
"CHETCO RIVER NEAR BROOKINGS, OR",42.12344,-124.18731
"CHIKASKIA R NR CORBIN, KS",37.12891,-97.60144
"CHOCTAWHATCHEE RIVER NEAR NEWTON, AL.",31.34295,-85.61049
"CHOPTANK RIVER NEAR GREENSBORO, MD",38.99719,-75.78581
CLEARWATER RIVER AT OROFINO ID,46.47833,-116.25750
"COAL CREEK NEAR CEDAR CITY, UT",37.67220,-113.03467
CONECUH RIVER AT BRANTLEY AL,31.57350,-86.25162
"CORRAL GULCH NEAR RANGELY, CO.",39.92025,-108.47287
"COVE CREEK NEAR LAKE LURE, NC",35.42345,-82.11150
"COWPASTURE RIVER NEAR CLIFTON FORGE, VA",37.79180,-79.75949
"CRAIG CREEK AT PARR, VA",37.66596,-79.91144
"CRYSTAL RIVER AB AVALANCHE C, NEAR REDSTONE, CO.",39.23221,-107.22727
"CUB CREEK AT PHENIX, VA",37.07931,-78.76362
"CUIVRE RIVER NEAR TROY, MO",39.00880,-90.97754
CULL C AB CULL C RES NR CASTRO VALLEY CA,37.71771,-122.05441
"CYPRESS CREEK NR JANICE, MS",31.02528,-89.01667
"Cadron Creek near Guy, AR",35.29880,-92.40393
"Carrabassett River near North Anson, Maine",44.86920,-69.95510
"Cedar Creek near Bussey, IA",41.21900,-92.90853
"Cedar Creek near Pleasant View, MO",37.83420,-93.87549
"Chariton River near Chariton, IA",40.95189,-93.25985
Conneaut Creek at Conneaut OH,41.92700,-80.60397
"Corey Creek near Mainesburg, PA",41.79091,-77.01469
"Cossatot River near Vandervoort, AR",34.37955,-94.23576
"Cowhouse Ck at Pidcoke, TX",31.28489,-97.88502
"Crooked Creek near Paris, MO",39.58483,-91.99349
"Current River at Doniphan, MO",36.62200,-90.84762
"Current River at Van Buren, MO",36.99138,-91.01351
DEEP C NR PALM DESERT CA,33.63114,-116.39223
DEER C NR VINA CA,40.01405,-121.94832
"DEER CREEK AT ROCKS, MD",39.62997,-76.40331
DEL PUERTO C NR PATTERSON CA,37.48660,-121.20910
"DMF Brazos Rv at Justiceburg, TX",33.03843,-101.19763
DONNER UND BLITZEN RIVER NR FRENCHGLEN OR,42.79083,-118.86750
"DRAGOON C NR BURLINGAME, KS",38.71069,-95.83603
"DRY BEAVER CREEK NEAR RIMROCK, AZ.",34.72863,-111.77571
DRY C A UNION CITY CA,37.60605,-122.02385
"DUCKABUSH RIVER NEAR BRINNON, WA",47.68398,-123.01155
"DUNGENESS RIVER NEAR SEQUIM, WA",48.01426,-123.13268
"DUNLAP CREEK NEAR COVINGTON, VA",37.80290,-80.04700
"Diamond River near Wentworth Location, NH",44.87739,-71.05749
"Driftwood Br Sinnemahoning Cr at Sterling Run, PA",41.41340,-78.19695
"Dry Frio Rv nr Reagan Wells, TX",29.50468,-99.78145
"E Fk Little Wichita Rv nr Henrietta, TX",33.81288,-98.08504
"E Fk San Jacinto Rv nr Cleveland, TX",30.33660,-95.10410
"EAST FORK LEWIS RIVER NEAR HEISSON, WA",45.83678,-122.46621
"EAST FORK PIGEON RIVER NEAR CANTON, NC",35.46167,-82.86972
"EAST FORK SHOAL CREEK NEAR COFFEEN, IL",39.14894,-89.35231
"EAST FORK VIRGIN RIVER NEAR GLENDALE, UT",37.33943,-112.60438
"EAST FORK WHITE RIVER NEAR FORT APACHE, AZ.",33.82227,-109.81454
"EAST ORANGE BRANCH AT EAST ORANGE, VT",44.09284,-72.33565
"EDWARDS RIVER NEAR NEW BOSTON, IL",41.18698,-90.96737
ELDER C NR BRANSCOMB CA,39.72960,-123.64391
"ELK CREEK AT ELKVILLE, NC",36.07139,-81.40306
"ELKHORN CREEK NEAR PENROSE, IL",41.90281,-89.69622
ELLIOTTS CREEK AT MOUNDVILLE AL,32.99735,-87.62223
"ENCAMPMENT RIVER AB HOG PARK CR, NR ENCAMPMENT, WY",41.02358,-106.82477
ESCATAWPA RIVER NEAR AGRICOLA MS,30.80908,-88.45863
"Eleven Point River near Bardley, MO",36.64868,-91.20082
"FALLING CREEK NEAR JULIETTE, GA",33.09985,-83.72351
"FALLING RIVER NEAR NARUNA, VA",37.12681,-78.95974
"FAUSETT CREEK NEAR TALKING ROCK, GA",34.57037,-84.46882
"FENHOLLOWAY RIVER NEAR FOLEY, FLA.",30.09827,-83.47181
"FIR CREEK NEAR BRIGHTWOOD, OR",45.48012,-122.02564
FIRESTEEL CR NEAR MOUNT VERNON SD,43.77640,-98.24567
"FIRST BROAD RIVER NEAR CASAR, NC",35.49306,-81.68222
FLAT BROOK NEAR FLATBROOKVILLE NJ,41.10667,-74.95222
"FLAT CREEK NEAR INVERNESS, NC",35.18278,-79.17750
"FONTENELLE C NR HERSCHLER RANCH, NR FONTENELLE, WY",42.09605,-110.41656
"FORD RIVER NEAR HYDE, MI",45.75552,-87.20152
"FRENCH BROAD RIVER AT ROSMAN, NC",35.14333,-82.82472
"FT DRUM CREEK AT SUNSHINE ST PKY NEAR FT DRUM, FL",27.56865,-80.79617
"Fish River near Fort Kent, Maine",47.23739,-68.58264
"Fishing Creek near Bloomsburg, PA",41.07814,-76.43106
"Flint Creek at Springtown, AR",36.25548,-94.43394
"Fox River at Wayland, MO",40.39241,-91.59788
"French Creek near Wattsburg, PA",42.01533,-79.78255
"Frio Rv at Concan, TX",29.48857,-99.70478
"GALLINAS CREEK NEAR MONTEZUMA, NM",35.65199,-105.31890
GENESEE RIVER AT WELLSVILLE NY,42.12229,-77.95722
"GILA RIVER NEAR GILA, NM",33.06118,-108.53727
"GOOSE CREEK NEAR HUDDLESTON, VA",37.17320,-79.52031
"GOOSE CREEK NEAR LEESBURG, VA",39.01955,-77.57749
"GORE CREEK AT UPPER STATION, NEAR MINTURN, CO.",39.62582,-106.27808
"GRANT RIVER AT BURTON, WI",42.72027,-90.81929
"GREEN RIVER AT WILLIAMSTOWN, MA",42.70897,-73.19677
"GREEN RIVER NEAR COLRAIN, MA",42.70342,-72.67065
"GREEN RIVER NR NEW HRADEC, ND",47.02779,-103.05324
GREYS RIVER AB RESERVOIR NR ALPINE WY,43.14278,-110.97667
"Garcitas Ck nr Inez, TX",28.89138,-96.81915
"Groesbeck Ck at SH 6 nr Quanah, TX",34.35452,-99.74037
"HALFMOON CREEK NEAR MALTA, CO.",39.17221,-106.38919
"HAMS FORK BELOW POLE CREEK, NEAR FRONTIER, WY",42.11049,-110.70962
"HENRY FORK NEAR HENRY RIVER, NC",35.68444,-81.40333
"HOH RIVER AT US HIGHWAY 101 NEAR FORKS, WA",47.80675,-124.25103
"HOLIDAY CREEK NEAR ANDERSONVILLE, VA",37.41542,-78.63584
"HOMOCHITTO RIVER AT EDDICETON, MS",31.50306,-90.77750
"HOMOCHITTO RIVER AT ROSETTA, MS",31.32472,-91.10944
HORSE CREEK NEAR ARCADIA FL,27.19949,-81.98842
HORSE CREEK NEAR MYAKKA HEAD FL,27.48726,-82.02342
"HUGE CREEK NEAR WAUNA, WA",47.38926,-122.69902
"HUNTING CREEK NEAR HARMONY, NC",36.00056,-80.74556
"HYCO CREEK NEAR LEASBURG, NC",36.39778,-79.19667
"Hondo Ck nr Tarpley, TX",29.56967,-99.24671
Honey Creek at Melmore OH,41.02228,-83.10964
"Hubbard Ck bl Albany, TX",32.73290,-99.14063
INDEPENDENCE RIVER AT DONNATTSBURG NY,43.74729,-75.33435
"INDIAN-KENTUCK CREEK NR CANAAN, IND.",38.87811,-85.25718
"JACKSON RIVER NEAR BACOVA, VA",38.04235,-79.88144
"JACOB FORK AT RAMSEY, NC",35.59069,-81.56704
"JAMES RIVER NR GRACE CITY, ND",47.55805,-98.86289
"JEMEZ RIVER NEAR JEMEZ, NM",35.66169,-106.74337
"JOE WRIGHT CREEK ABOVE JOE WRIGHT RESERVOIR, CO.",40.53998,-105.88279
"JOHNS CREEK AT NEW CASTLE, VA",37.50624,-80.10671
JOHNSON CREEK AT YELLOW PINE ID,44.96167,-115.50000
"JUMP RIVER AT SHELDON, WI",45.30803,-90.95652
"Jacks Fork at Eminence, MO",37.15408,-91.35816
"Jordan Creek near Schnecksville, PA",40.66176,-75.62685
KEYA PAHA R AT WEWELA SD,43.02889,-99.78067
"KEYSTONE GULCH NEAR DILLON, CO.",39.59443,-105.97252
"KICKAPOO RIVER AT LA FARGE, WI",43.57414,-90.64319
"KINGS C NR MANHATTAN, KS",39.10195,-96.59521
"KNIFE RIVER AT MANNING, ND",47.23613,-102.76991
"KNIFE RIVER NEAR TWO HARBORS, MN",46.94688,-91.79240
"KNIFE RIVER NR GOLDEN VALLEY, ND",47.15445,-102.05989
"Kettle Creek at Cross Fork, PA",41.47590,-77.82582
"Kiamichi River near Big Cedar, OK",34.63844,-94.61272
"Kinzua Creek near Guffey, PA",41.76645,-78.71864
"L OSAGE R AT FULTON, KS",38.01897,-94.71367
"LA MOINE RIVER AT COLMAR, IL",40.33032,-90.89624
"LA MOINE RIVER AT RIPLEY, IL",40.02477,-90.63179
LAKE FORK PAYETTE RIVER AB JUMBO CR NR MCCALL ID,44.91361,-115.99722
"LAMOILLE C NR LAMOILLE, NV",40.69076,-115.47700
"LEAF RIVER NR COLLINS, MS",31.70694,-89.40694
"LIGHTNING C NR MCCUNE, KS",37.28125,-95.03267
"LITTLE CROOKED CREEK NEAR NEW MINDEN, IL",38.44172,-89.41675
"LITTLE FISHING CREEK NEAR WHITE OAK, NC",36.18333,-77.87611
"LITTLE FORK RIVER AT LITTLEFORK, MN",48.39578,-93.54933
"LITTLE NORTH SANTIAM RIVER NEAR MEHAMA, OR",44.79151,-122.57897
LITTLE R NR TRINIDAD CA,41.01096,-124.08173
"LITTLE RIVER AT GRAYSONTOWN, VA",37.03763,-80.55672
"LITTLE RIVER NEAR MARYVILLE, TN",35.78562,-83.88460
"LITTLE RIVER NEAR STAR, NC",35.38722,-79.83139
"LITTLE SALT CREEK NEAR LINCOLN, NEBR.",40.89311,-96.68155
"LITTLE SANDY RIVER NEAR BULL RUN, OREG.",45.41540,-122.17148
"LITTLE TENNESSEE RIVER NEAR PRENTISS, NC",35.15000,-83.37972
LITTLE WHITE R BELOW WHITE RIVER SD,43.60139,-100.74986
LITTLE WHITE R NEAR MARTIN SD,43.16667,-101.63015
"LITTLE WITHLACOOCHEE RIVER AT RERDELL, FLA.",28.57277,-82.15536
LOCHSA RIVER NR LOWELL ID,46.15083,-115.58722
"LONG TOM RIVER NEAR NOTI, OREG.",44.04984,-123.42621
LOPEZ C NR ARROYO GRANDE CA,35.23553,-120.47239
LOS GATOS C AB NUNEZ CYN NR COALINGA CA,36.21468,-120.47071
"LUSK CREEK NEAR EDDYVILLE, IL",37.47227,-88.54727
"Lavaca Rv nr Edna, TX",28.95998,-96.68637
"Lick Creek at Perry, MO",39.43143,-91.67627
"Lindley Creek near Polk, MO",37.75047,-93.26618
"Little Androscoggin River near South Paris, Maine",44.30399,-70.53968
Little Bighorn River at State Line nr Wyola MT,45.00691,-107.61509
"Little Cedar River near Ionia, IA",43.03328,-92.50354
"Little Pine Creek near Etna, PA",40.52035,-79.93811
"Long King Ck at Livingston, TX",30.71631,-94.95882
"Loyalsock Creek at Loyalsockville, PA",41.32508,-76.91246
"Lycoming Creek near Trout Run, PA",41.41841,-77.03275
"MAMMOTH CREEK ABV WEST HATCH DITCH, NEAR HATCH, UT",37.62276,-112.51688
MANATEE RIVER NEAR MYAKKA HEAD FL,27.47365,-82.21120
"MANISTEE RIVER NEAR SHERMAN, MI",44.43639,-85.69868
"MANISTIQUE RIVER NEAR MANISTIQUE, MI",46.03053,-86.16125
"MANOKIN BRANCH NEAR PRINCESS ANNE, MD",38.21389,-75.67139
"MARAIS DES CYGNES R NR READING, KS",38.56701,-95.96163
"MARTIN C NR PARADISE VALLEY, NV",41.53462,-117.41791
"MCKENZIE RIVER AT OUTLET OF CLEAR LAKE, OR",44.36095,-121.99562
"MEDICINE LODGE R NR KIOWA, KS",37.03920,-98.47021
"MEHERRIN RIVER NEAR LAWRENCEVILLE, VA",36.71681,-77.83166
MERCED R A HAPPY ISLES BRIDGE NR YOSEMITE CA,37.73159,-119.55877
MERCED R A POHONO BRIDGE NR YOSEMITE CA,37.71687,-119.66628
MF EEL R NR DOS RIOS CA,39.70627,-123.32529
"MICHIGAN RIVER NEAR CAMERON PASS, CO.",40.49609,-105.86501
"MIDDLE BRANCH ESCANABA RIVER AT HUMBOLDT, MI",46.49910,-87.88652
"MIDDLE CREEK NEAR MINTURN, CO.",39.64582,-106.38225
MILL C NR LOS MOLINOS CA,40.05460,-122.02415
"MILL C NR PAXICO, KS",39.06265,-96.15025
"MINAM RIVER NEAR MINAM, OR",45.61987,-117.72659
"MITCHELL RIVER NEAR STATE ROAD, NC",36.31139,-80.80722
"MOGOLLON CREEK NEAR CLIFF, NM",33.16673,-108.64978
"MOOSE RIVER AT VICTORY, VT",44.51172,-71.83731
MOREAU R NEAR WHITEHORSE SD,45.25582,-100.84292
MULBERRY CREEK AT JONES AL,32.58291,-86.90360
"MURDER CREEK BELOW EATONTON, GA",33.25236,-83.48128
MURDER CREEK NEAR EVERGREEN AL,31.41850,-86.98664
MYAKKA RIVER AT MYAKKA CITY FL,27.34366,-82.15676
"Marsh Creek at Blanchard, PA",41.05951,-77.60583
Massies Creek at Wilberforce OH,39.72284,-83.88271
"Mattawamkeag River near Mattawamkeag, Maine",45.50097,-68.30596
"Menard Ck nr Rye, TX",30.48139,-94.77972
"Meramec River near Sullivan, MO",38.15853,-91.10846
Middle Fork Flathead River nr West Glacier MT,48.49524,-114.01012
"Middle Yegua Ck nr Dime Box, TX",30.33938,-96.90470
Mill Creek near Coshocton OH,40.36285,-81.86236
"Millers Ck nr Munday, TX",33.32927,-99.46508
"Mission Rv at Refugio, TX",28.29195,-97.27916
"Mud Creek near Courtney, OK",34.00426,-97.56697
"Muncy Creek near Sonestown, PA",41.35702,-76.53467
"N F HOLSTON RIVER NEAR SALTVILLE, VA",36.89678,-81.74623
"N Fk Guadalupe Rv nr Hunt, TX",30.06410,-99.38699
NACIMIENTO R BL SAPAQUE C NR BRYSON CA,35.78858,-121.09381
"NANTAHALA RIVER NEAR RAINBOW SPRINGS, NC",35.12750,-83.61861
"NANTICOKE RIVER NEAR BRIDGEVILLE, DE",38.72833,-75.56186
"NASELLE RIVER NEAR NASELLE, WA",46.37399,-123.74348
"NASSAWANGO CREEK NEAR SNOW HILL, MD",38.22892,-75.47144
"NEHALEM RIVER NEAR FOSS, OR",45.70400,-123.75540
"NEMADJI RIVER NEAR SOUTH SUPERIOR, WI",46.63327,-92.09408
"NEW RIVER NEAR GALAX, VA",36.64735,-80.97897
"NEW RIVER NEAR ROCK SPRINGS, AZ.",33.97420,-112.09905
"NEWHALEM CREEK NEAR NEWHALEM, WA",48.65596,-121.23846
NF CACHE C A HOUGH SPRING NR CLEARLAKE OAKS CA,39.16545,-122.61999
NF CLEARWATER RIVER NR CANYON RANGER STATION ID,46.84047,-115.62070
NF COEUR D ALENE R AB SHOSHONE CK NR PRICHARD ID,47.70611,-115.97917
"NF SKOKOMISH R BL STAIRCASE RPDS NR HOODSPORT, WA",47.51426,-123.32989
"NF STILLAGUAMISH RIVER NEAR ARLINGTON, WA",48.26149,-122.04764
"NISQUALLY RIVER NEAR NATIONAL, WA",46.75261,-122.08372
"NORTH BRUSH CREEK NEAR SARATOGA, WY",41.37024,-106.52058
"NORTH FORK BLACK CREEK NR MIDDLEBURG, FLA.",30.11330,-81.90649
"NORTH FORK BULL RUN RIVER NEAR MULTNOMAH FALLS, OR",45.49429,-122.03592
"NORTH FORK EMBARRAS RIVER NEAR OBLONG, IL",39.01004,-87.94559
"NORTH FORK POWDER RIVER NEAR HAZELTON, WY",44.02774,-107.08089
"NORTH FORK TOLT RIVER NEAR CARNATION, WA",47.71232,-121.78873
"NORTH MAYO RIVER NEAR SPENCER, VA",36.56819,-79.98726
"NORTH RIVER AT SHATTUCKVILLE, MA",42.63842,-72.72509
NORTH RIVER NEAR SAMANTHA AL,33.47928,-87.59723
"NORTH RIVER NEAR STOKESVILLE, VA",38.33763,-79.24004
"NORTHEAST CAPE FEAR RIVER NEAR CHINQUAPIN, NC",34.82889,-77.83222
NOYO R NR FORT BRAGG CA,39.42822,-123.73779
"Narraguagus River at Cherryfield, Maine",44.60797,-67.93524
"Navidad Rv nr Hallettsville, TX",29.46691,-96.81276
"North Fork Red River near Carter, OK",35.16811,-99.50731
"North Fork River near Tecumseh, MO",36.62303,-92.24813
"North River at Palmyra, MO",39.81799,-91.51770
"North Sylamore Creek near Fifty Six, AR",35.99535,-92.21265
"Nueces Rv at Laguna, TX",29.42857,-99.99729
"OMAHA CR AT HOMER, NEBR",42.32158,-96.48768
ORESTIMBA C NR NEWMAN CA,37.31549,-121.12521
OTSELIC RIVER AT CINCINNATUS NY,42.54118,-75.89964
"OTTER C AT CLIMAX, KS",37.70821,-96.22360
"OYSTER RIVER NEAR DURHAM, NH",43.14870,-70.96506
Ohio Brush Creek near West Union OH,38.80368,-83.42102
"Onion Ck nr Driftwood, TX",30.08299,-98.00779
"Oswayo Creek at Shinglehouse, PA",41.96173,-78.19807
PACIFIC CREEK AT MORAN WY,43.85028,-110.51778
PAINT ROCK RIVER NEAR WOODVILLE AL,34.62425,-86.30637
PALM CYN C NR PALM SPRINGS CA,33.74502,-116.53557
PATSALIGA CREEK NEAR BRANTLEY AL,31.59627,-86.40552
"PECOS RIVER NEAR PECOS, NM",35.70837,-105.68252
"PERE MARQUETTE RIVER AT SCOTTVILLE, MI",43.94501,-86.27869
PESCADERO C NR PESCADERO CA,37.26078,-122.32886
"PINEY RIVER AT PINEY RIVER, VA",37.70236,-79.02752
"PISCATAWAY CREEK NEAR TAPPAHANNOCK, VA",37.87708,-76.90052
PITMAN C BL TAMARACK C CA,37.19856,-119.21373
"PLATTE RIVER NEAR ROCKVILLE, WI",42.73110,-90.64041
"PONCA CREEK AT VERDEL, NEBR.",42.81099,-98.17586
"POPPLE RIVER NEAR FENCE, WI",45.76357,-88.46318
"POTECASI CREEK NEAR UNION, NC",36.37083,-77.02556
"POTTS CREEK NEAR COVINGTON, VA",37.72901,-80.04228
PRAIRIE CREEK NEAR FORT OGDEN FL,27.05200,-81.78453
"PRAIRIE DOG C AB KEITH SEBELIUS LAKE, KS",39.76985,-100.10078
"PRIEST BROOK NEAR WINCHENDON, MA",42.68259,-72.11508
"PUYALLUP RIVER NEAR ELECTRON, WA",46.90372,-122.03511
"Pine Creek at Cedar Run, PA",41.52174,-77.44748
"Piscataquis River near Dover-Foxcroft, Maine",45.17501,-69.31470
"Pomme de Terre River near Polk, MO",37.68265,-93.37033
Prospect Creek at Thompson Falls MT,47.58605,-115.35515
"QUARTZVILLE CREEK NEAR CASCADIA, OREG.",44.54012,-122.43591
"QUEETS RIVER NEAR CLEARWATER, WA",47.53786,-124.31575
"RAGING RIVER NEAR FALL CITY, WA",47.53982,-121.90900
"RAPIDAN RIVER NEAR CULPEPER, VA",38.35041,-77.97500
"RAPPAHANNOCK RIVER AT REMINGTON, VA",38.53068,-77.81360
"RATTLESNAKE C NR MACKSVILLE, KS",37.87159,-98.87614
"RAYADO CREEK NEAR CIMARRON, NM",36.37226,-104.97000
"RAYSE CREEK NEAR WALTONVILLE, IL",38.25394,-89.03979
"RECAPTURE CREEK NEAR BLANDING, UT",37.75555,-109.47651
"RED BUD CREEK NR MOORES MILL, MS",34.46667,-88.28361
"RED CREEK AT VESTRY, MS",30.73611,-88.78111
REDWOOD C A ORICK CA,41.29929,-124.05118
"REX RIVER NEAR CEDAR FALLS, WA",47.35066,-121.66316
"RIO HONDO NEAR VALDEZ, NM",36.54169,-105.55640
"RIO LUCERO NEAR ARROYO SECO, NM",36.50836,-105.53084
"RIO MORA NEAR TERRERO, NM",35.77725,-105.65807
"RIO NUTRIA NEAR RAMAH, NM",35.28253,-108.55341
"RIO PUEBLO DE TAOS NEAR TAOS, NM",36.43947,-105.50362
"ROARING RIVER NEAR ROARING RIVER, NC",36.25028,-81.04444
"ROBINSON CREEK NEAR SHELBYVILLE, IL",39.40587,-88.89646
"ROBINSON RIVER NEAR LOCUST DALE, VA",38.32513,-78.09556
"ROCK CREEK AB KING CANYON CANAL, NR ARLINGTON, WY",41.58525,-106.22279
"ROCK CREEK NEAR CERESCO, NEBR.",41.01570,-96.54428
"ROCKFISH RIVER NEAR GREENFIELD, VA",37.86959,-78.82335
"ROW RIVER ABOVE PITCHER CREEK NEAR, DORENA, OREG",43.73596,-122.87340
"Rapid Creek near Iowa City, IA",41.70002,-91.48767
"S F HOLSTON RIVER AT RIVERSIDE NR CHILHOWIE, VA",36.76039,-81.63123
"S F HOLSTON RIVER NEAR DAMASCUS, VA",36.65178,-81.84401
"S F QUANTICO CREEK NEAR INDEPENDENT HILL, VA",38.58734,-77.42860
"S F ROANOKE RIVER NEAR SHAWSVILLE, VA",37.14013,-80.26643
"S Fk Rocky Ck nr Briggs, TX",30.91157,-98.03697
"S Fk San Gabriel Rv at Georgetown, TX",30.62575,-97.69112
"S TWIN R NR ROUND MOUNTAIN, NV",38.88743,-117.24537
SAGEHEN C NR TRUCKEE CA,39.43157,-120.23798
"SALINA CREEK NEAR EMERY, UT",38.91191,-111.53047
SALMON R A SOMES BAR CA,41.37763,-123.47756
"SALT C NR ADA, KS",39.13907,-97.83696
SAN LORENZO C BL BITTERWATER C NR KING CITY CA,36.26802,-121.06630
"SANDY RIVER NEAR DANVILLE, VA",36.61958,-79.50419
"SANDY RIVER NEAR MARMOT, OR",45.39956,-122.13731
SANTA CRUZ C NR SANTA YNEZ CA,34.59666,-119.90875
SATILPA CREEK NEAR COFFEEVILLE AL,31.74432,-88.02251
"SATSOP RIVER NEAR SATSOP, WA",47.00065,-123.49488
"SAUK RIVER AB WHITECHUCK RIVER NEAR DARRINGTON, WA",48.16872,-121.47067
"SAUK RIVER NEAR SAUK, WA",48.42456,-121.56846
"SAVAGE RIVER NEAR BARTON, MD",39.57006,-79.10194
SF CLEARWATER RIVER AT STITES ID,46.08639,-115.97667
SF PAYETTE RIVER AT LOWMAN ID,44.08528,-115.62222
SF TRINITY R BL HYAMPOM CA,40.64986,-123.49420
"SHELL CREEK ABOVE SHELL CREEK RESERVOIR, WY",44.50802,-107.40369
"SHEYENNE RIVER NR COOPERSTOWN, ND",47.43277,-98.02760
"SHEYENNE RIVER NR WARWICK, ND",47.80555,-98.71622
"SILETZ RIVER AT SILETZ, OR",44.71512,-123.88733
SIPSEY FORK NEAR GRAYSON AL,34.28538,-87.39891
"SKOOKUMCHUCK RIVER NEAR VAIL, WA",46.77260,-122.59401
"SLATE C AT WELLINGTON, KS",37.24955,-97.40390
"SMACKOVER CREEK NEAR SMACKOVER, ARK.",33.37596,-92.77711
"SMITH R AB SMITH R RES NR BELKNAP SPRGS,OREG.",44.33457,-122.04701
SMITH R NR CRESCENT CITY CA,41.79150,-124.07619
"SMITH RIVER NEAR BRISTOL, NH",43.56646,-71.74786
"SOLDIER C NR DELIA, KS",39.23833,-95.88860
"SOLDIER C NR TOPEKA, KS",39.09938,-95.72495
"SOPCHOPPY RIVER NR SOPCHOPPY, FLA.",30.12937,-84.49435
"SOUTH FORK BLACK CREEK NR PENNEY FARMS, FLA.",29.97941,-81.85204
"SOUTH FORK BULL RUN RIVER NEAR BULL RUN, OR",45.44456,-122.10953
"SOUTH FORK COQUILLE RIVER AT POWERS, OR",42.89150,-124.07065
"SOUTH FORK NEW RIVER NEAR JEFFERSON, NC",36.39333,-81.40694
"SOUTH FORK OF WILLIAMS FORK NEAR LEAL, CO.",39.79582,-106.03057
"SOUTH FORK SHOSHONE RIVER NEAR VALLEY, WY",44.20828,-109.55489
"SOUTH FORK TOLT RIVER NEAR INDEX, WA",47.70677,-121.60011
"SOUTH LOUP R AT ST. MICHAEL, NEBR.",41.03244,-98.74053
"SOUTH MAYO RIVER NEAR NETTLERIDGE, VA",36.57097,-80.12949
"SOUTH SANTIAM RIVER BELOW CASCADIA, OR",44.39179,-122.49758
"SOUTH TOE RIVER NEAR CELO, NC",35.83151,-82.18429
"SOUTH WILLOW CREEK NEAR GRANTSVILLE, UT",40.49633,-112.57440
SPEARFISH CR AT SPEARFISH SD,44.48248,-103.86159
"SPIRIT RIVER AT SPIRIT FALLS, WI",45.44913,-89.97931
ST JOE RIVER AT CALDER ID,47.27464,-116.18905
"ST. MARYS RIVER NR MACCLENNY, FLA.",30.35885,-82.08150
"STEAMBOAT CREEK NEAR GLIDE, OR",43.34984,-122.72894
"STEHEKIN RIVER AT STEHEKIN, WA",48.32958,-120.69177
"STEPTOE C NR ELY, NV",39.20154,-114.68916
"STONY CREEK NEAR DINWIDDIE, VA",37.06709,-77.60249
"STRANGER C NR TONGANOXIE, KS",39.11633,-95.01088
"STURGEON RIVER AT WOLVERINE, MI",45.27446,-84.60003
"STURGEON RIVER NEAR NAHMA JUNCTION, MI",45.94302,-86.70570
"STURGEON RIVER NEAR SIDNAW, MI",46.58411,-88.57597
"SUGAR CREEK AT MILFORD, IL",40.63004,-87.72392
"SUWANNEE RIVER AT US 441, AT FARGO, GA",30.68056,-82.56056
"SUWANNEE RIVER AT WHITE SPRINGS, FLA.",30.32578,-82.73818
"SYCAMORE CREEK NEAR FORT MCDOWELL, AZ.",33.69421,-111.54180
"Sabinal Rv at Sabinal, TX",29.31431,-99.48047
"Salt Fork Arkansas River nr Alva, OK",36.81503,-98.64814
"San Casimiro Ck nr Freer, TX",27.96501,-98.96697
"Sandies Ck nr Westhoff, TX",29.21525,-97.44943
"Seco Ck at Rowe Ranch nr D'Hanis, TX",29.37079,-99.28782
"Sevenmile Run near Rasselas, PA",41.63117,-78.57669
Shade River near Chester OH,39.06369,-81.88180
"Sherman Creek at Shermans Dale, PA",40.32342,-77.16887
"Sinnemahoning Creek at Sinnemahoning, PA",41.31728,-78.10306
"Spencer Cr. bl Plum Cr. nr Frankford, MO",39.52046,-91.34275
"Sweetwater Ck nr Kelton, TX",35.47310,-100.12095
"Swift River near Roxbury, Maine",44.64275,-70.58878
"TAHQUAMENON RIVER NEAR PARADISE, MI",46.57502,-85.26955
"TAR RIVER NEAR TAR RIVER, NC",36.19417,-78.58306
"TAYLOR CREEK NEAR SELLECK, WA",47.38649,-121.84622
"THUNDER CREEK NEAR NEWHALEM, WA",48.67263,-121.07290
"TILTON RIVER AB BEAR CANYON CREEK NEAR CINEBAR, WA",46.59538,-122.45956
"TINKER CREEK NEAR DALEVILLE, VA",37.41763,-79.93532
TONAWANDA CREEK AT ATTICA NY,42.86395,-78.28363
"TRAP ROCK RIVER NEAR LAKE LINDEN, MI",47.22854,-88.38539
TRAPPER CREEK NR OAKLEY ID,42.16583,-113.98361
"TRENT RIVER NEAR TRENTON, NC",35.06417,-77.46139
TRINITY R AB COFFEE C NR TRINITY CTR CA,41.11126,-122.70558
"TURKEY C NR SENECA, KS",39.94778,-96.10862
"TURKEY CREEK AT BYROMVILLE, GA",32.19556,-83.90222
"TYE RIVER NEAR LOVINGSTON, VA",37.71542,-78.98169
"Tchefuncta River near Folsom, LA",30.61602,-90.24869
Tiffin River at Stryker OH,41.50450,-84.42967
"Tonoloway Creek near Needmore, PA",39.89842,-78.13223
"Towanda Creek near Monroeton, PA",41.70702,-76.48467
"Turkey River at Garber, IA",42.73999,-91.26180
"Turnback Creek above Greenfield, MO",37.40237,-93.80203
Tymochtee Creek at Crawford OH,40.92283,-83.34881
"UMATILLA RIVER ABOVE MEACHAM CREEK, NR GIBBON, OR",45.71958,-118.32329
Upper Twin Creek at McGaw OH,38.64369,-83.21574
"VALLECITO CREEK NEAR BAYFIELD, CO.",37.47750,-107.54367
VAN DUZEN R NR BRIDGEVILLE CA,40.48042,-123.89088
"VERMILION RIVER NR CRANE LAKE, MN",48.26463,-92.56599
"VERNON CREEK NEAR VERNON, UT",39.97939,-112.38023
"W F PIGEON R ABOVE LAKE LOGAN NR HAZELWOOD, NC",35.39611,-82.93750
"W Nueces Rv nr Brackettville, TX",29.47273,-100.23646
"WALKER CREEK AT BANE, VA",37.26818,-80.70951
"WATAUGA RIVER NEAR SUGAR GROVE, NC",36.23917,-81.82222
"WELLS RIVER AT WELLS RIVER, VT",44.15034,-72.06509
"WEST BRANCH WESTFIELD RIVER AT HUNTINGTON, MA",42.23731,-72.89565
"WEST CLEAR CREEK NEAR CAMP VERDE, AZ.",34.53864,-111.69404
"WEST FORK COW CREEK NEAR GLENDALE, OR",42.80400,-123.61091
"WESTERN RUN AT WESTERN RUN, MD",39.51078,-76.67650
"WET BOTTOM CREEK NEAR CHILDS, AZ.",34.16087,-111.69292
"WHETSTONE RIVER NEAR BIG STONE CITY, SD",45.29163,-96.48756
WHITE R NEAR KADOKA SD,43.75250,-101.52487
WHITE R NEAR OACOMA SD,43.74833,-99.55649
"WHITE RIVER AT WEST HARTFORD, VT",43.71424,-72.41815
"WHITE RIVER BL TABBYUNE C NEAR SOLDIER SUMMIT, UT",39.87579,-111.03739
"WHITE RIVER NEAR FORT APACHE, AZ.",33.73644,-110.16677
"WHITE RIVER NEAR WHITEHALL, MI",43.46418,-86.23257
"WHITE ROCK C NR BURR OAK, KS",39.89925,-98.25043
"WHITLEY CREEK NEAR ALLENVILLE, IL",39.50670,-88.52756
"WILLAPA RIVER NEAR WILLAPA, WA",46.65093,-123.65266
"WILLOW CREEK NR WILLOW CITY, ND",48.58889,-100.44208
"WINTERING RIVER NR KARLSRUHE, ND",48.13834,-100.53986
"WOLF RIVER NR LANDON, MS",30.48361,-89.27444
Wakatomika Creek near Frazeysburg OH,40.13257,-82.14792
"Waldy Run near Emporium, PA",41.57895,-78.29251
"West Branch Clarion River at Wilcox, PA",41.57534,-78.69225
"Whiskey Chitto Creek Near Oberlin, LA",30.69875,-92.89319
"White Breast Creek near Dallas, IA",41.24688,-93.26607
"Wild River at Gilead, Maine",44.39044,-70.97964
Yellowstone River at Corwin Springs MT,45.11188,-110.79438
"Young Womans Creek near Renovo, PA",41.38951,-77.69082
